1722547601.189954,3,0.0,18740524278,-42.98
1722547601.189954,84,0.0,1194978183,-41.130001
1722547601.189954,52,0.0,601267060,-43.639999
1722547601.189954,74,0.0,10165502417,-40.830002
1722547483.436648,3,0.01171687,18561089683,-17.940001
1722547483.436648,84,8.034876e-07,1155057801,-18.860001
1722547483.436648,52,0.0001125737,541931040,-17.0
1722547483.436648,74,0.0002424209,10093284171,-17.76
1722547183.216533,3,0.01132322,18016194160,-17.879999
1722547183.216533,84,6.855988e-07,1155057801,-18.790001
1722547183.216533,52,0.0001065898,541931040,-17.0
1722547183.216533,74,0.0002501651,10093284171,-17.73
1722547500.585581,3,0.01176659,18561089683,-17.98
1722547500.585581,84,8.291711e-07,1155057801,-18.9
1722547500.585581,52,0.0001145657,541931040,-17.040001
1722547500.585581,74,0.000248257,10093284171,-17.790001
1722547497.382524,3,0.01198158,18561089683,-17.959999
1722547497.382524,84,8.685091e-07,1155057801,-18.870001
1722547497.382524,52,0.0001163132,541931040,-17.02
1722547497.382524,74,0.0002679013,10093284171,-17.780001
1722547395.057189,3,0.01133809,18561089683,-17.879999
1722547395.057189,84,7.233236e-07,1155057801,-18.790001
1722547395.057189,52,0.0001002151,541931040,-16.92
1722547395.057189,74,0.0002392786,10093284171,-17.67
1722547419.922586,3,0.01178837,18561089683,-17.870001
1722547419.922586,84,6.742212e-07,1155057801,-18.77
1722547419.922586,52,0.0001063116,541931040,-16.92
1722547419.922586,74,0.0002391999,10093284171,-17.67
1722547402.241998,3,0.01121871,18561089683,-17.860001
1722547402.241998,84,7.271169e-07,1155057801,-18.780001
1722547402.241998,52,0.0001213735,541931040,-16.98
1722547402.241998,74,0.0002285076,10093284171,-17.709999
1722547361.384132,3,0.008020864,18332432216,-21.17
1722547361.384132,84,0.0001111267,1155057801,-22.059999
1722547361.384132,52,0.001248757,541931040,-20.299999
1722547361.384132,74,0.002949058,10093284171,-21.030001
1722547207.424143,3,0.01105953,18016194160,-17.860001
1722547207.424143,84,6.840473e-07,1155057801,-18.76
1722547207.424143,52,0.0001093131,541931040,-16.969999
1722547207.424143,74,0.0002249635,10093284171,-17.719999
1722547566.013135,3,0.01863259,18561089683,-19.049999
1722547566.013135,84,7.073549e-06,1155057801,-19.950001
1722547566.013135,52,0.0002582425,541931040,-18.1
1722547566.013135,74,0.0006742035,10093284171,-18.85
1722547228.295501,3,0.01114778,18016194160,-17.889999
1722547228.295501,84,6.591296e-07,1155057801,-18.799999
1722547228.295501,52,0.0001017818,541931040,-16.950001
1722547228.295501,74,0.0002400073,10093284171,-17.690001
1722547167.182015,3,0.01125643,18016194160,-17.879999
1722547167.182015,84,7.422623e-07,1155057801,-18.780001
1722547167.182015,52,0.0001003549,541931040,-16.99
1722547167.182015,74,0.000232699,10093284171,-17.719999
1722547674.959468,3,0.01768196,18866248690,-18.68
1722547674.959468,84,3.226044e-06,1196912487,-19.559999
1722547674.959468,52,0.0001943254,610027759,-17.709999
1722547674.959468,74,0.0004810877,10194388638,-18.469999
1722547220.255491,3,0.01132567,18016194160,-17.85
1722547220.255491,84,6.60603e-07,1155057801,-18.76
1722547220.255491,52,9.452874e-05,541931040,-16.99
1722547220.255491,74,0.000232694,10093284171,-17.73
1722547350.138584,3,0.03274677,18232686579,-19.93
1722547350.138584,84,2.056979e-05,1155057801,-20.809999
1722547350.138584,52,0.0005214498,541931040,-18.99
1722547350.138584,74,0.001180365,10093284171,-19.74
1722547362.994077,3,0.00841886,18353104054,-21.139999
1722547362.994077,84,9.722161e-05,1155057801,-22.0
1722547362.994077,52,0.00133226,541931040,-20.200001
1722547362.994077,74,0.002995756,10093284171,-20.940001
1722547554.771959,3,0.01535577,18561089683,-18.59
1722547554.771959,84,3.067949e-06,1155057801,-19.49
1722547554.771959,52,0.0001818736,541931040,-17.700001
1722547554.771959,74,0.0004695255,10093284171,-18.459999
1722547173.607971,3,0.01156178,18016194160,-17.91
1722547173.607971,84,6.52314e-07,1155057801,-18.809999
1722547173.607971,52,0.0001003108,541931040,-16.940001
1722547173.607971,74,0.000234245,10093284171,-17.690001
1722547241.127876,3,0.01103959,18016194160,-17.9
1722547241.127876,84,7.664501e-07,1155057801,-18.809999
1722547241.127876,52,0.0001003113,541931040,-16.940001
1722547241.127876,74,0.0002464298,10093284171,-17.68
1722547623.628054,3,0.0,18740524278,-42.91
1722547623.628054,84,0.0,1194978183,-41.189999
1722547623.628054,52,0.0,601267060,-43.5
1722547623.628054,74,0.0,10165502417,-40.610001
1722547521.492736,3,0.01281091,18561089683,-18.200001
1722547521.492736,84,1.27966e-06,1155057801,-19.1
1722547521.492736,52,0.00012853,541931040,-17.219999
1722547521.492736,74,0.0002895119,10093284171,-17.98
1722547237.916866,3,0.0111147,18016194160,-17.92
1722547237.916866,84,7.210841e-07,1155057801,-18.82
1722547237.916866,52,9.974017e-05,541931040,-16.93
1722547237.916866,74,0.000232898,10093284171,-17.68
1722547346.322782,3,0.03008569,18232686576,-19.67
1722547346.322782,84,1.304074e-05,1155057801,-20.549999
1722547346.322782,52,0.0004345251,541931040,-18.67
1722547346.322782,74,0.001053099,10093284171,-19.43
1722547405.457969,3,0.01164924,18561089683,-17.889999
1722547405.457969,84,7.566238e-07,1155057801,-18.780001
1722547405.457969,52,0.0001111491,541931040,-16.940001
1722547405.457969,74,0.0002283876,10093284171,-17.690001
1722547618.809439,3,0.0,18740524278,-43.080002
1722547618.809439,84,0.0,1194978183,-41.02
1722547618.809439,52,0.0,601267060,-43.52
1722547618.809439,74,0.0,10165502417,-40.66
1722547583.641707,3,0.004804645,18606157332,-23.049999
1722547583.641707,84,0.00226867,1155057801,-23.940001
1722547583.641707,52,0.005153339,541931040,-22.139999
1722547583.641707,74,0.01364272,10093284171,-22.85
1722547259.217415,3,0.01120776,18016194160,-17.860001
1722547259.217415,84,6.515708e-07,1155057801,-18.76
1722547259.217415,52,0.0001004665,541931040,-16.959999
1722547259.217415,74,0.0002495892,10093284171,-17.700001
1722547270.449605,3,0.01119617,18016194160,-17.879999
1722547270.449605,84,5.714472e-07,1155057801,-18.76
1722547270.449605,52,0.0001135408,541931040,-16.969999
1722547270.449605,74,0.0002541202,10093284171,-17.719999
1722547327.071341,3,0.022651,18039488429,-20.33
1722547327.071341,84,3.812143e-05,1155057801,-21.219999
1722547327.071341,52,0.0007247402,541931040,-19.360001
1722547327.071341,74,0.001662557,10093284171,-20.110001
1722547638.105821,3,0.002813942,18761196116,-25.49
1722547638.105821,84,0.01264784,1196912487,-26.370001
1722547638.105821,52,0.02479338,610027759,-24.67
1722547638.105821,74,0.007669663,10181006251,-25.370001
1722547480.230301,3,0.01144501,18561089683,-17.91
1722547480.230301,84,8.299109e-07,1155057801,-18.82
1722547480.230301,52,0.0001102016,541931040,-17.02
1722547480.230301,74,0.0002441642,10093284171,-17.77
1722547468.987899,3,0.01135185,18561089683,-17.9
1722547468.987899,84,7.430038e-07,1155057801,-18.799999
1722547468.987899,52,0.0001097015,541931040,-16.950001
1722547468.987899,74,0.0002334347,10093284171,-17.709999
1722547590.059382,3,0.002530814,18678508767,-27.959999
1722547590.059382,84,0.005247887,1163970429,-28.799999
1722547590.059382,52,0.004672172,554755385,-27.1
1722547590.059382,74,0.002242936,10118990742,-27.75
1722547301.373553,3,0.02103788,18016194160,-18.959999
1722547301.373553,84,4.427204e-06,1155057801,-19.860001
1722547301.373553,52,0.0002477516,541931040,-18.030001
1722547301.373553,74,0.0005792195,10093284171,-18.790001
1722547273.644863,3,0.01117903,18016194160,-17.860001
1722547273.644863,84,6.95385e-07,1155057801,-18.76
1722547273.644863,52,0.0001038653,541931040,-16.98
1722547273.644863,74,0.0002310856,10093284171,-17.719999
1722547385.446477,3,0.01403497,18561089683,-18.280001
1722547385.446477,84,1.377191e-06,1155057801,-19.190001
1722547385.446477,52,0.0001499679,541931040,-17.360001
1722547385.446477,74,0.0003371916,10093284171,-18.110001
1722547289.700364,3,0.01425778,18016194160,-18.360001
1722547289.700364,84,1.475426e-06,1155057801,-19.25
1722547289.700364,52,0.00015058,541931040,-17.379999
1722547289.700364,74,0.0003368044,10093284171,-18.120001
1722547229.905652,3,0.01095712,18016194160,-17.870001
1722547229.905652,84,7.150372e-07,1155057801,-18.790001
1722547229.905652,52,0.0001018855,541931040,-16.950001
1722547229.905652,74,0.0002457674,10093284171,-17.690001
1722547252.798482,3,0.01116241,18016194160,-17.9
1722547252.798482,84,7.279149e-07,1155057801,-18.790001
1722547252.798482,52,0.0001020857,541931040,-16.940001
1722547252.798482,74,0.000239794,10093284171,-17.67
1722547382.235708,3,0.01072577,18549486366,-20.98
1722547382.235708,84,9.866495e-05,1155057801,-21.860001
1722547382.235708,52,0.001091367,541931040,-19.969999
1722547382.235708,74,0.002605604,10093284171,-20.709999
1722547344.709545,3,0.008055601,18225144958,-21.09
1722547344.709545,84,9.511852e-05,1155057801,-21.969999
1722547344.709545,52,0.001217082,541931040,-20.110001
1722547344.709545,74,0.002707341,10093284171,-20.85
1722547551.574317,3,0.01534106,18561089683,-18.610001
1722547551.574317,84,2.847355e-06,1155057801,-19.52
1722547551.574317,52,0.0001802191,541931040,-17.66
1722547551.574317,74,0.0004336033,10093284171,-18.42
1722547210.623753,3,0.01141419,18016194160,-17.889999
1722547210.623753,84,8.359738e-07,1155057801,-18.780001
1722547210.623753,52,0.0001015328,541931040,-16.969999
1722547210.623753,74,0.0002366804,10093284171,-17.709999
1722547481.833662,3,0.01139273,18561089683,-17.959999
1722547481.833662,84,7.815826e-07,1155057801,-18.860001
1722547481.833662,52,0.0001143632,541931040,-17.0
1722547481.833662,74,0.0002589211,10093284171,-17.76
1722547286.501293,3,0.01373821,18016194160,-18.18
1722547286.501293,84,1.222994e-06,1155057801,-19.09
1722547286.501293,52,0.0001290233,541931040,-17.290001
1722547286.501293,74,0.000344406,10093284171,-18.030001
1722547184.822293,3,0.01139014,18016194160,-17.889999
1722547184.822293,84,6.296136e-07,1155057801,-18.780001
1722547184.822293,52,9.849801e-05,541931040,-16.950001
1722547184.822293,74,0.0002400973,10093284171,-17.709999
1722547524.702162,3,0.01281428,18561089683,-18.219999
1722547524.702162,84,1.388529e-06,1155057801,-19.120001
1722547524.702162,52,0.000138499,541931040,-17.26
1722547524.702162,74,0.000319301,10093284171,-18.01
1722547157.549446,3,0.01145129,18016194160,-17.889999
1722547157.549446,84,7.195863e-07,1155057801,-18.799999
1722547157.549446,52,0.0001027752,541931040,-16.98
1722547157.549446,74,0.0002474225,10093284171,-17.719999
1722547612.397789,3,0.0,18740524278,-42.919998
1722547612.397789,84,0.0,1194978183,-41.0
1722547612.397789,52,0.0,601267060,-43.720001
1722547612.397789,74,0.0,10165502417,-40.830002
1722547437.577407,3,0.01111682,18561089683,-17.860001
1722547437.577407,84,6.85559e-07,1155057801,-18.77
1722547437.577407,52,0.0001044109,541931040,-16.940001
1722547437.577407,74,0.0002353269,10093284171,-17.690001
1722547348.52827,3,0.03279363,18232686576,-19.75
1722547348.52827,84,1.685402e-05,1155057801,-20.65
1722547348.52827,52,0.0004820977,541931040,-18.84
1722547348.52827,74,0.001060308,10093284171,-19.58
1722547687.810074,3,0.01257946,18866248690,-18.01
1722547687.810074,84,8.178649e-07,1196912487,-18.9
1722547687.810074,52,0.0001058721,610027759,-17.07
1722547687.810074,74,0.0002526979,10194388638,-17.83
1722547502.198221,3,0.01166624,18561089683,-18.0
1722547502.198221,84,9.017505e-07,1155057801,-18.879999
1722547502.198221,52,0.0001226317,541931040,-17.049999
1722547502.198221,74,0.0002447591,10093284171,-17.799999
1722547418.314904,3,0.01114329,18561089683,-17.889999
1722547418.314904,84,6.606542e-07,1155057801,-18.790001
1722547418.314904,52,0.0001135805,541931040,-16.93
1722547418.314904,74,0.000229301,10093284171,-17.690001
1722547416.715164,3,0.01150046,18561089683,-17.870001
1722547416.715164,84,7.225818e-07,1155057801,-18.76
1722547416.715164,52,0.0001093134,541931040,-16.940001
1722547416.715164,74,0.0002355541,10093284171,-17.700001
1722547557.9831,3,0.01557786,18561089683,-18.65
1722547557.9831,84,2.9894e-06,1155057801,-19.549999
1722547557.9831,52,0.0001864917,541931040,-17.75
1722547557.9831,74,0.0004637997,10093284171,-18.51
1722547465.780698,3,0.01165922,18561089683,-17.870001
1722547465.780698,84,6.969237e-07,1155057801,-18.780001
1722547465.780698,52,0.000107299,541931040,-16.969999
1722547465.780698,74,0.0002417754,10093284171,-17.709999
1722547505.408627,3,0.01211281,18561089683,-17.98
1722547505.408627,84,1.019666e-06,1155057801,-18.889999
1722547505.408627,52,0.0001171553,541931040,-17.07
1722547505.408627,74,0.0002576011,10093284171,-17.82
1722547537.532276,3,0.01445293,18561089683,-18.440001
1722547537.532276,84,2.197266e-06,1155057801,-19.35
1722547537.532276,52,0.00016223,541931040,-17.469999
1722547537.532276,74,0.0003889414,10093284171,-18.219999
1722547197.647964,3,0.01120674,18016194160,-17.879999
1722547197.647964,84,7.120138e-07,1155057801,-18.790001
1722547197.647964,52,0.0001021675,541931040,-16.969999
1722547197.647964,74,0.0002405459,10093284171,-17.719999
1722547155.949765,3,0.01128396,18016194160,-17.870001
1722547155.949765,84,6.885957e-07,1155057801,-18.77
1722547155.949765,52,9.876178e-05,541931040,-16.959999
1722547155.949765,74,0.0002493962,10093284171,-17.709999
1722547225.070421,3,0.01130749,18016194160,-17.91
1722547225.070421,84,7.21112e-07,1155057801,-18.809999
1722547225.070421,52,0.0001006887,541931040,-16.93
1722547225.070421,74,0.000246684,10093284171,-17.67
1722547234.720848,3,0.01119071,18016194160,-17.879999
1722547234.720848,84,6.79499e-07,1155057801,-18.780001
1722547234.720848,52,0.000107001,541931040,-16.969999
1722547234.720848,74,0.0002454246,10093284171,-17.719999
1722547660.507273,3,0.02020771,18866248690,-18.940001
1722547660.507273,84,4.900197e-06,1196912487,-19.84
1722547660.507273,52,0.0002359134,610027759,-18.030001
1722547660.507273,74,0.0006415322,10194388638,-18.790001
1722547299.77448,3,0.01946371,18016194160,-18.879999
1722547299.77448,84,3.639575e-06,1155057801,-19.780001
1722547299.77448,52,0.0002154701,541931040,-17.940001
1722547299.77448,74,0.0005258814,10093284171,-18.700001
1722547596.279681,3,0.0,18740524278,-30.389999
1722547596.279681,84,0.0,1194978183,-31.17
1722547596.279681,52,0.001925949,601267060,-29.42
1722547596.279681,74,0.001620941,10165502417,-29.969999
1722547411.899531,3,0.01133267,18561089683,-17.85
1722547411.899531,84,7.188304e-07,1155057801,-18.75
1722547411.899531,52,0.0001074681,541931040,-16.959999
1722547411.899531,74,0.0002350402,10093284171,-17.709999
1722547391.853346,3,0.01163906,18561089683,-17.889999
1722547391.853346,84,6.386961e-07,1155057801,-18.780001
1722547391.853346,52,0.0001030238,541931040,-16.93
1722547391.853346,74,0.0002211906,10093284171,-17.690001
1722547199.25073,3,0.01116001,18016194160,-17.92
1722547199.25073,84,7.07465e-07,1155057801,-18.809999
1722547199.25073,52,0.0001040399,541931040,-16.940001
1722547199.25073,74,0.0002321013,10093284171,-17.68
1722547498.983847,3,0.01175608,18561089683,-17.98
1722547498.983847,84,7.709704e-07,1155057801,-18.889999
1722547498.983847,52,0.000110038,541931040,-17.030001
1722547498.983847,74,0.0002440152,10093284171,-17.790001
1722547535.930966,3,0.01399476,18561089683,-18.41
1722547535.930966,84,2.124786e-06,1155057801,-19.32
1722547535.930966,52,0.0001607333,541931040,-17.459999
1722547535.930966,74,0.0003658122,10093284171,-18.23
1722547562.801206,3,0.01654226,18561089683,-18.809999
1722547562.801206,84,4.0061e-06,1155057801,-19.719999
1722547562.801206,52,0.0002093433,541931040,-17.85
1722547562.801206,74,0.0005279268,10093284171,-18.6
1722547424.72624,3,0.01109469,18561089683,-17.85
1722547424.72624,84,6.961678e-07,1155057801,-18.75
1722547424.72624,52,0.0001093497,541931040,-16.950001
1722547424.72624,74,0.0002409374,10093284171,-17.700001
1722547545.165294,3,0.01578241,18561089683,-18.6
1722547545.165294,84,3.306858e-06,1155057801,-19.51
1722547545.165294,52,0.0001843538,541931040,-17.709999
1722547545.165294,74,0.0004785944,10093284171,-18.459999
1722547427.933026,3,0.01173637,18561089683,-17.870001
1722547427.933026,84,7.036858e-07,1155057801,-18.77
1722547427.933026,52,0.0001133881,541931040,-16.969999
1722547427.933026,74,0.0002345609,10093284171,-17.709999
1722547444.01236,3,0.01115617,18561089683,-17.889999
1722547444.01236,84,6.538005e-07,1155057801,-18.799999
1722547444.01236,52,0.0001027512,541931040,-16.93
1722547444.01236,74,0.0002307333,10093284171,-17.690001
1722547323.864029,3,0.03400983,18016893515,-20.110001
1722547323.864029,84,2.582951e-05,1155057801,-20.99
1722547323.864029,52,0.000612774,541931040,-19.190001
1722547323.864029,74,0.001338578,10093284171,-19.940001
1722547307.785574,3,0.0242549,18016194160,-19.360001
1722547307.785574,84,8.625965e-06,1155057801,-20.24
1722547307.785574,52,0.0003346722,541931040,-18.42
1722547307.785574,74,0.0007676498,10093284171,-19.16
1722547413.508188,3,0.01112597,18561089683,-17.860001
1722547413.508188,84,7.415208e-07,1155057801,-18.76
1722547413.508188,52,0.000107899,541931040,-16.959999
1722547413.508188,74,0.0002430613,10093284171,-17.709999
1722547599.588498,3,0.0,18740524278,-43.02
1722547599.588498,84,0.0,1194978183,-41.209999
1722547599.588498,52,0.0,601267060,-43.66
1722547599.588498,74,0.0,10165502417,-40.799999
1722547572.416714,3,0.02318694,18561089683,-19.620001
1722547572.416714,84,1.824479e-05,1155057801,-20.52
1722547572.416714,52,0.0004122238,541931040,-18.66
1722547572.416714,74,0.001073612,10093284171,-19.42
1722547620.417429,3,0.0,18740524278,-43.130001
1722547620.417429,84,0.0,1194978183,-41.060001
1722547620.417429,52,0.0,601267060,-43.419998
1722547620.417429,74,0.0,10165502417,-40.599998
1722547351.743625,3,0.02606048,18239477404,-20.209999
1722547351.743625,84,2.727527e-05,1155057801,-21.1
1722547351.743625,52,0.0006581975,541931040,-19.25
1722547351.743625,74,0.00147691,10093284171,-19.99
1722547518.264836,3,0.01245259,18561089683,-18.1
1722547518.264836,84,1.074109e-06,1155057801,-19.01
1722547518.264836,52,0.000131604,541931040,-17.200001
1722547518.264836,74,0.0002888929,10093284171,-17.940001
1722547650.891181,3,0.02654431,18866248690,-19.41
1722547650.891181,84,1.203569e-05,1196912487,-20.309999
1722547650.891181,52,0.0004003687,610027759,-18.469999
1722547650.891181,74,0.001146583,10194388638,-19.219999
1722547387.042687,3,0.01458579,18561089683,-18.41
1722547387.042687,84,1.56764e-06,1155057801,-19.32
1722547387.042687,52,0.0001532845,541931040,-17.540001
1722547387.042687,74,0.0003702273,10093284171,-18.280001
1722547451.329093,3,0.01165021,18561089683,-17.860001
1722547451.329093,84,7.286285e-07,1155057801,-18.780001
1722547451.329093,52,0.0001034382,541931040,-16.959999
1722547451.329093,74,0.0002361523,10093284171,-17.709999
1722547196.046457,3,0.01144534,18016194160,-17.879999
1722547196.046457,84,6.545943e-07,1155057801,-18.790001
1722547196.046457,52,9.955899e-05,541931040,-16.98
1722547196.046457,74,0.0002347424,10093284171,-17.719999
1722547390.254918,3,0.01190762,18561089683,-18.209999
1722547390.254918,84,7.664204e-07,1155057801,-19.1
1722547390.254918,52,0.000278205,541931040,-17.25
1722547390.254918,74,0.0006923674,10093284171,-18.030001
1722547431.136248,3,0.01156155,18561089683,-17.889999
1722547431.136248,84,7.301826e-07,1155057801,-18.799999
1722547431.136248,52,0.0001096019,541931040,-16.93
1722547431.136248,74,0.0002347998,10093284171,-17.68
1722547291.303836,3,0.01530832,18016194160,-18.379999
1722547291.303836,84,1.760416e-06,1155057801,-19.27
1722547291.303836,52,0.0001765646,541931040,-17.41
1722547291.303836,74,0.0003580285,10093284171,-18.18
1722547172.002419,3,0.01145301,18016194160,-17.889999
1722547172.002419,84,7.384973e-07,1155057801,-18.799999
1722547172.002419,52,0.0001055621,541931040,-16.959999
1722547172.002419,74,0.0002563343,10093284171,-17.709999
1722547408.668027,3,0.01146235,18561089683,-17.879999
1722547408.668027,84,7.407506e-07,1155057801,-18.799999
1722547408.668027,52,0.0001077609,541931040,-16.940001
1722547408.668027,74,0.0002478319,10093284171,-17.68
1722547328.673083,3,0.02033488,18059926837,-20.459999
1722547328.673083,84,4.303602e-05,1155057801,-21.309999
1722547328.673083,52,0.0007335026,541931040,-19.469999
1722547328.673083,74,0.001741526,10093284171,-20.17
1722547407.063061,3,0.01135364,18561089683,-17.870001
1722547407.063061,84,6.54569e-07,1155057801,-18.77
1722547407.063061,52,0.0001088831,541931040,-16.93
1722547407.063061,74,0.0002308488,10093284171,-17.68
1722547602.79546,3,0.0,18740524278,-43.009998
1722547602.79546,84,0.0,1194978183,-41.130001
1722547602.79546,52,0.0,601267060,-43.700001
1722547602.79546,74,0.0,10165502417,-40.860001
1722547372.599269,3,0.006768268,18446127336,-21.530001
1722547372.599269,84,0.0001959308,1155057801,-22.41
1722547372.599269,52,0.001683452,541931040,-20.58
1722547372.599269,74,0.004014854,10093284171,-21.33
1722547452.929783,3,0.01109856,18561089683,-17.870001
1722547452.929783,84,6.500716e-07,1155057801,-18.76
1722547452.929783,52,9.771621e-05,541931040,-16.940001
1722547452.929783,74,0.0002256528,10093284171,-17.700001
1722547472.200393,3,0.01146199,18561089683,-17.92
1722547472.200393,84,7.180607e-07,1155057801,-18.82
1722547472.200393,52,0.000113525,541931040,-16.959999
1722547472.200393,74,0.0002332684,10093284171,-17.709999
1722547247.544421,3,0.01163347,18016194160,-17.879999
1722547247.544421,84,7.157931e-07,1155057801,-18.780001
1722547247.544421,52,0.0001000391,541931040,-16.969999
1722547247.544421,74,0.0002363478,10093284171,-17.709999
1722547168.795336,3,0.01132692,18016194160,-17.860001
1722547168.795336,84,8.133139e-07,1155057801,-18.799999
1722547168.795336,52,0.0001029207,541931040,-16.98
1722547168.795336,74,0.0002391394,10093284171,-17.73
1722547283.291554,3,0.01223782,18016194160,-17.9
1722547283.291554,84,9.826093e-07,1155057801,-18.799999
1722547283.291554,52,0.0001093307,541931040,-16.99
1722547283.291554,74,0.0002438011,10093284171,-17.75
1722547377.41181,3,0.00733402,18497806937,-21.440001
1722547377.41181,84,0.000155538,1155057801,-22.32
1722547377.41181,52,0.001604419,541931040,-20.5
1722547377.41181,74,0.003732418,10093284171,-21.25
1722547415.109259,3,0.01154545,18561089683,-17.860001
1722547415.109259,84,7.241215e-07,1155057801,-18.76
1722547415.109259,52,0.0001053896,541931040,-16.969999
1722547415.109259,74,0.0002297664,10093284171,-17.700001
1722547191.236752,3,0.01144615,18016194160,-17.879999
1722547191.236752,84,8.208726e-07,1155057801,-18.790001
1722547191.236752,52,9.814327e-05,541931040,-16.940001
1722547191.236752,74,0.0002357275,10093284171,-17.690001
1722547655.69257,3,0.02271562,18866248690,-19.030001
1722547655.69257,84,6.652394e-06,1196912487,-19.940001
1722547655.69257,52,0.0002920272,610027759,-18.09
1722547655.69257,74,0.000764794,10194388638,-18.870001
1722547400.635293,3,0.01139804,18561089683,-17.84
1722547400.635293,84,7.044553e-07,1155057801,-18.75
1722547400.635293,52,0.0001058609,541931040,-16.950001
1722547400.635293,74,0.0002423981,10093284171,-17.709999
1722547204.205174,3,0.01141765,18016194160,-17.870001
1722547204.205174,84,6.795121e-07,1155057801,-18.780001
1722547204.205174,52,9.71352e-05,541931040,-16.959999
1722547204.205174,74,0.0002409555,10093284171,-17.700001
1722547534.328689,3,0.01377128,18561089683,-18.35
1722547534.328689,84,1.826142e-06,1155057801,-19.26
1722547534.328689,52,0.0001514862,541931040,-17.4
1722547534.328689,74,0.0003519485,10093284171,-18.15
1722547580.43908,3,0.00832334,18575149575,-21.559999
1722547580.43908,84,0.0005174007,1155057801,-22.469999
1722547580.43908,52,0.002155875,541931040,-20.530001
1722547580.43908,74,0.006000149,10093284171,-21.27
1722547671.733084,3,0.01721821,18866248690,-18.59
1722547671.733084,84,2.861605e-06,1196912487,-19.49
1722547671.733084,52,0.0001808505,610027759,-17.68
1722547671.733084,74,0.00047044,10194388638,-18.440001
1722547507.01715,3,0.01191952,18561089683,-18.02
1722547507.01715,84,8.971805e-07,1155057801,-18.91
1722547507.01715,52,0.0001137005,541931040,-17.1
1722547507.01715,74,0.0002625908,10093284171,-17.85
1722547335.090134,3,0.01111099,18121785971,-20.73
1722547335.090134,84,6.215805e-05,1155057801,-21.610001
1722547335.090134,52,0.0009473742,541931040,-19.82
1722547335.090134,74,0.002132182,10093284171,-20.57
1722547681.369209,3,0.01306074,18866248690,-18.07
1722547681.369209,84,8.76034e-07,1196912487,-18.98
1722547681.369209,52,0.0001121222,610027759,-17.110001
1722547681.369209,74,0.0002673584,10194388638,-17.879999
1722547221.854408,3,0.01141515,18016194160,-17.879999
1722547221.854408,84,7.581062e-07,1155057801,-18.780001
1722547221.854408,52,9.903668e-05,541931040,-16.969999
1722547221.854408,74,0.0002339381,10093284171,-17.709999
1722547356.570688,3,0.008142738,18280752615,-20.92
1722547356.570688,84,8.939078e-05,1155057801,-21.790001
1722547356.570688,52,0.001153205,541931040,-19.91
1722547356.570688,74,0.002530354,10093284171,-20.65
1722547239.522433,3,0.01112375,18016194160,-17.9
1722547239.522433,84,6.908366e-07,1155057801,-18.799999
1722547239.522433,52,9.836572e-05,541931040,-16.940001
1722547239.522433,74,0.0002374664,10093284171,-17.690001
1722547354.966478,3,0.009992297,18270416694,-20.85
1722547354.966478,84,6.810918e-05,1155057801,-21.76
1722547354.966478,52,0.0009863449,541931040,-19.92
1722547354.966478,74,0.002340775,10093284171,-20.67
1722547460.95818,3,0.01135702,18561089683,-17.9
1722547460.95818,84,7.097463e-07,1155057801,-18.809999
1722547460.95818,52,0.000114171,541931040,-16.940001
1722547460.95818,74,0.0002284677,10093284171,-17.700001
1722547165.583556,3,0.01118772,18016194160,-17.9
1722547165.583556,84,7.823234e-07,1155057801,-18.809999
1722547165.583556,52,9.602159e-05,541931040,-16.950001
1722547165.583556,74,0.000227315,10093284171,-17.690001
1722547244.341784,3,0.01138519,18016194160,-17.870001
1722547244.341784,84,7.158069e-07,1155057801,-18.77
1722547244.341784,52,9.820677e-05,541931040,-16.98
1722547244.341784,74,0.0002423139,10093284171,-17.709999
1722547641.32274,3,0.003793032,18792203871,-23.85
1722547641.32274,84,0.003286521,1196912487,-24.74
1722547641.32274,52,0.007795492,610027759,-22.99
1722547641.32274,74,0.01945348,10194388638,-23.700001
1722547567.614989,3,0.02021012,18561089683,-19.15
1722547567.614989,84,1.104906e-05,1155057801,-20.059999
1722547567.614989,52,0.0003115672,541931040,-18.219999
1722547567.614989,74,0.0008245363,10093284171,-18.959999
1722547613.99791,3,0.0,18740524278,-42.950001
1722547613.99791,84,0.0,1194978183,-41.130001
1722547613.99791,52,0.0,601267060,-43.610001
1722547613.99791,74,0.0,10165502417,-40.77
1722547432.740963,3,0.01113941,18561089683,-17.870001
1722547432.740963,84,7.022013e-07,1155057801,-18.77
1722547432.740963,52,0.0001098368,541931040,-16.92
1722547432.740963,74,0.0002275401,10093284171,-17.68
1722547209.024977,3,0.01126685,18016194160,-17.870001
1722547209.024977,84,7.089904e-07,1155057801,-18.780001
1722547209.024977,52,9.419415e-05,541931040,-16.969999
1722547209.024977,74,0.0002352281,10093284171,-17.719999
1722547442.392177,3,0.01174194,18561089683,-17.860001
1722547442.392177,84,7.78544e-07,1155057801,-18.76
1722547442.392177,52,0.0001043126,541931040,-16.950001
1722547442.392177,74,0.0002480383,10093284171,-17.709999
1722547205.810334,3,0.01109519,18016194160,-17.860001
1722547205.810334,84,7.142676e-07,1155057801,-18.77
1722547205.810334,52,0.0001019075,541931040,-16.99
1722547205.810334,74,0.0002448531,10093284171,-17.73
1722547662.114297,3,0.0192238,18866248690,-18.84
1722547662.114297,84,3.885917e-06,1196912487,-19.74
1722547662.114297,52,0.0002274499,610027759,-17.92
1722547662.114297,74,0.0006196318,10194388638,-18.68
1722547421.521417,3,0.01125092,18561089683,-17.879999
1722547421.521417,84,7.407363e-07,1155057801,-18.790001
1722547421.521417,52,0.000105496,541931040,-16.92
1722547421.521417,74,0.0002279099,10093284171,-17.68
1722547202.602437,3,0.01136028,18016194160,-17.91
1722547202.602437,84,6.424754e-07,1155057801,-18.809999
1722547202.602437,52,0.0001089049,541931040,-16.950001
1722547202.602437,74,0.0002470023,10093284171,-17.690001
1722547280.070585,3,0.01141572,18016194160,-17.889999
1722547280.070585,84,6.591168e-07,1155057801,-18.790001
1722547280.070585,52,0.000106596,541931040,-16.950001
1722547280.070585,74,0.0002314296,10093284171,-17.700001
1722547663.71288,3,0.01961853,18866248690,-18.719999
1722547663.71288,84,3.547288e-06,1196912487,-19.629999
1722547663.71288,52,0.0002130057,610027759,-17.790001
1722547663.71288,74,0.0005415187,10194388638,-18.549999
1722547256.00072,3,0.01122273,18016194160,-17.870001
1722547256.00072,84,6.712237e-07,1155057801,-18.780001
1722547256.00072,52,9.871267e-05,541931040,-16.950001
1722547256.00072,74,0.0002381583,10093284171,-17.690001
1722547526.30769,3,0.01307187,18561089683,-18.200001
1722547526.30769,84,1.329597e-06,1155057801,-19.110001
1722547526.30769,52,0.0001341967,541931040,-17.26
1722547526.30769,74,0.0003178394,10093284171,-18.01
1722547633.272672,3,0.0,18740524278,-43.23
1722547633.272672,84,0.0,1194978183,-40.919998
1722547633.272672,52,0.0,601267060,-43.610001
1722547633.272672,74,0.0,10165502417,-40.400002
1722547159.150356,3,0.01128936,18016194160,-17.879999
1722547159.150356,84,6.500464e-07,1155057801,-18.790001
1722547159.150356,52,9.22316e-05,541931040,-16.950001
1722547159.150356,74,0.0002340802,10093284171,-17.709999
1722547475.406618,3,0.01129656,18561089683,-17.889999
1722547475.406618,84,7.112855e-07,1155057801,-18.809999
1722547475.406618,52,0.000109342,541931040,-16.959999
1722547475.406618,74,0.000242098,10093284171,-17.719999
1722547429.533374,3,0.01117975,18561089683,-17.860001
1722547429.533374,84,7.051975e-07,1155057801,-18.76
1722547429.533374,52,0.0001104129,541931040,-16.940001
1722547429.533374,74,0.0002331102,10093284171,-17.700001
1722547257.607804,3,0.01132018,18016194160,-17.860001
1722547257.607804,84,7.044417e-07,1155057801,-18.77
1722547257.607804,52,9.982532e-05,541931040,-16.969999
1722547257.607804,74,0.0002330608,10093284171,-17.709999
1722547312.606806,3,0.02765944,18016194160,-19.540001
1722547312.606806,84,1.170666e-05,1155057801,-20.43
1722547312.606806,52,0.000408131,541931040,-18.6
1722547312.606806,74,0.0009106756,10093284171,-19.35
1722547284.896473,3,0.01318696,18016194160,-18.120001
1722547284.896473,84,1.151921e-06,1155057801,-19.01
1722547284.896473,52,0.0001326361,541931040,-17.200001
1722547284.896473,74,0.0002850581,10093284171,-17.959999
1722547665.326062,3,0.01810922,18866248690,-18.75
1722547665.326062,84,3.371927e-06,1196912487,-19.65
1722547665.326062,52,0.0002060246,610027759,-17.790001
1722547665.326062,74,0.0005251933,10194388638,-18.549999
1722547278.466105,3,0.01132329,18016194160,-17.879999
1722547278.466105,84,6.523267e-07,1155057801,-18.809999
1722547278.466105,52,9.766204e-05,541931040,-16.940001
1722547278.466105,74,0.0002325272,10093284171,-17.690001
1722547559.590604,3,0.01589638,18561089683,-18.68
1722547559.590604,84,3.333313e-06,1155057801,-19.58
1722547559.590604,52,0.0002031501,541931040,-17.75
1722547559.590604,74,0.0005041889,10093284171,-18.5
1722547358.175512,3,0.006612831,18301424453,-21.389999
1722547358.175512,84,0.000160807,1155057801,-22.290001
1722547358.175512,52,0.001556655,541931040,-20.370001
1722547358.175512,74,0.003719485,10093284171,-21.09
1722547574.023717,3,0.02242398,18561089683,-19.530001
1722547574.023717,84,1.559356e-05,1155057801,-20.440001
1722547574.023717,52,0.0003902823,541931040,-18.6
1722547574.023717,74,0.001032861,10093284171,-19.360001
1722547393.455246,3,0.01169643,18561089683,-17.91
1722547393.455246,84,8.45044e-07,1155057801,-18.780001
1722547393.455246,52,0.0001181656,541931040,-16.92
1722547393.455246,74,0.0002355083,10093284171,-17.690001
1722547163.973324,3,0.01130752,18016194160,-17.91
1722547163.973324,84,6.840473e-07,1155057801,-18.809999
1722547163.973324,52,0.000101662,541931040,-16.959999
1722547163.973324,74,0.0002510259,10093284171,-17.709999
1722547264.025745,3,0.01127126,18016194160,-17.889999
1722547264.025745,84,6.712237e-07,1155057801,-18.799999
1722547264.025745,52,0.0001055025,541931040,-16.940001
1722547264.025745,74,0.0002340117,10093284171,-17.68
1722547233.122666,3,0.0113938,18016194160,-17.889999
1722547233.122666,84,6.462546e-07,1155057801,-18.76
1722547233.122666,52,0.0001015782,541931040,-16.959999
1722547233.122666,74,0.000237986,10093284171,-17.700001
1722547403.852194,3,0.01151433,18561089683,-17.870001
1722547403.852194,84,7.392389e-07,1155057801,-18.780001
1722547403.852194,52,0.0001075575,541931040,-16.940001
1722547403.852194,74,0.0002357482,10093284171,-17.700001
1722547254.403975,3,0.01102444,18016194160,-17.889999
1722547254.403975,84,6.598855e-07,1155057801,-18.799999
1722547254.403975,52,9.842722e-05,541931040,-16.950001
1722547254.403975,74,0.0002297007,10093284171,-17.68
1722547288.103569,3,0.01444486,18016194160,-18.27
1722547288.103569,84,1.437661e-06,1155057801,-19.18
1722547288.103569,52,0.0001483872,541931040,-17.33
1722547288.103569,74,0.0003315732,10093284171,-18.09
1722547631.662638,3,0.0,18740524278,-43.150002
1722547631.662638,84,0.0,1194978183,-40.93
1722547631.662638,52,0.0,601267060,-43.639999
1722547631.662638,74,0.0,10165502417,-40.470001
1722547578.836344,3,0.02310743,18564877015,-20.879999
1722547578.836344,84,0.0001614547,1155057801,-21.790001
1722547578.836344,52,0.001072008,541931040,-19.9
1722547578.836344,74,0.002966102,10093284171,-20.639999
1722547542.341562,3,0.01560098,18561089683,-18.549999
1722547542.341562,84,2.9305e-06,1155057801,-19.459999
1722547542.341562,52,0.0001766717,541931040,-17.65
1722547542.341562,74,0.0004294834,10093284171,-18.41
1722547170.395652,3,0.0112584,18016194160,-17.879999
1722547170.395652,84,6.417071e-07,1155057801,-18.790001
1722547170.395652,52,9.703846e-05,541931040,-16.98
1722547170.395652,74,0.0002329333,10093284171,-17.719999
1722547477.021527,3,0.01148483,18561089683,-17.9
1722547477.021527,84,7.195584e-07,1155057801,-18.799999
1722547477.021527,52,0.0001093318,541931040,-17.0
1722547477.021527,74,0.0002389011,10093284171,-17.75
1722547670.128669,3,0.01684397,18866248690,-18.6
1722547670.128669,84,2.690186e-06,1196912487,-19.5
1722547670.128669,52,0.0001829387,610027759,-17.700001
1722547670.128669,74,0.0004825415,10194388638,-18.440001
1722547491.480647,3,0.01163666,18561089683,-17.940001
1722547491.480647,84,8.306828e-07,1155057801,-18.84
1722547491.480647,52,0.0001151285,541931040,-17.030001
1722547491.480647,74,0.0002440043,10093284171,-17.799999
1722547268.845803,3,0.01146139,18016194160,-17.870001
1722547268.845803,84,7.021741e-07,1155057801,-18.77
1722547268.845803,52,0.0001051706,541931040,-16.940001
1722547268.845803,74,0.0002259488,10093284171,-17.68
1722547375.800797,3,0.007146504,18487471018,-21.450001
1722547375.800797,84,0.0001678267,1155057801,-22.33
1722547375.800797,52,0.001722983,541931040,-20.530001
1722547375.800797,74,0.003713263,10093284171,-21.27
1722547364.600856,3,0.004871162,18363439977,-21.059999
1722547364.600856,84,0.0004593479,1155057801,-21.940001
1722547364.600856,52,0.002973401,541931040,-20.129999
1722547364.600856,74,0.006048209,10093284171,-20.879999
1722547470.592347,3,0.01121486,18561089683,-17.889999
1722547470.592347,84,8.231243e-07,1155057801,-18.809999
1722547470.592347,52,0.000121114,541931040,-16.959999
1722547470.592347,74,0.0002279531,10093284171,-17.709999
1722547486.657158,3,0.01150678,18561089683,-17.959999
1722547486.657158,84,7.415065e-07,1155057801,-18.860001
1722547486.657158,52,0.0001211019,541931040,-17.02
1722547486.657158,74,0.0002581021,10093284171,-17.77
1722547457.742451,3,0.01133915,18561089683,-17.879999
1722547457.742451,84,7.203282e-07,1155057801,-18.799999
1722547457.742451,52,0.0001149976,541931040,-16.93
1722547457.742451,74,0.0002360409,10093284171,-17.68
1722547410.281828,3,0.01129543,18561089683,-17.870001
1722547410.281828,84,6.787563e-07,1155057801,-18.77
1722547410.281828,52,0.0001074713,541931040,-16.93
1722547410.281828,74,0.0002288658,10093284171,-17.68
1722547162.359852,3,0.01125184,18016194160,-17.889999
1722547162.359852,84,6.621531e-07,1155057801,-18.799999
1722547162.359852,52,9.593043e-05,541931040,-16.93
1722547162.359852,74,0.0002351838,10093284171,-17.67
1722547529.513622,3,0.01304632,18561089683,-18.219999
1722547529.513622,84,1.441412e-06,1155057801,-19.129999
1722547529.513622,52,0.0001393205,541931040,-17.32
1722547529.513622,74,0.0003386947,10093284171,-18.08
1722547488.266035,3,0.01208724,18561089683,-17.940001
1722547488.266035,84,8.684755e-07,1155057801,-18.84
1722547488.266035,52,0.0001151573,541931040,-17.030001
1722547488.266035,74,0.0002556762,10093284171,-17.790001
1722547684.598551,3,0.01270024,18866248690,-18.01
1722547684.598551,84,7.845758e-07,1196912487,-18.9
1722547684.598551,52,0.0001080936,610027759,-17.139999
1722547684.598551,74,0.0002624439,10194388638,-17.879999
1722547343.1075,3,0.007774427,18204473121,-21.110001
1722547343.1075,84,0.0001029832,1155057801,-21.98
1722547343.1075,52,0.001269407,541931040,-20.129999
1722547343.1075,74,0.002860347,10093284171,-20.860001
1722547331.882803,3,0.01443435,18090789970,-20.610001
1722547331.882803,84,5.132292e-05,1155057801,-21.5
1722547331.882803,52,0.0008651341,541931040,-19.629999
1722547331.882803,74,0.002023363,10093284171,-20.370001
1722547330.283136,3,0.01688651,18070190514,-20.48
1722547330.283136,84,4.60481e-05,1155057801,-21.370001
1722547330.283136,52,0.0007850731,541931040,-19.52
1722547330.283136,74,0.001872967,10093284171,-20.25
1722547691.020308,3,0.0126998,18866248690,-18.0
1722547691.020308,84,7.331635e-07,1196912487,-18.879999
1722547691.020308,52,0.0001081918,610027759,-17.0
1722547691.020308,74,0.0002565286,10194388638,-17.76
1722547189.635916,3,0.01120916,18016194160,-17.9
1722547189.635916,84,6.984085e-07,1155057801,-18.799999
1722547189.635916,52,9.517626e-05,541931040,-16.940001
1722547189.635916,74,0.0002504494,10093284171,-17.68
1722547306.187611,3,0.02384993,18016194160,-19.309999
1722547306.187611,84,6.919971e-06,1155057801,-20.200001
1722547306.187611,52,0.0003411443,541931040,-18.35
1722547306.187611,74,0.0007145263,10093284171,-19.07
1722547314.207039,3,0.02759413,18016194160,-19.639999
1722547314.207039,84,1.161898e-05,1155057801,-20.52
1722547314.207039,52,0.0004144356,541931040,-18.68
1722547314.207039,74,0.0009362241,10093284171,-19.450001
1722547353.358168,3,0.009321976,18249744855,-20.76
1722547353.358168,84,7.325645e-05,1155057801,-21.629999
1722547353.358168,52,0.001093131,541931040,-19.74
1722547353.358168,74,0.002254279,10093284171,-20.48
1722547186.429691,3,0.01123817,18016194160,-17.91
1722547186.429691,84,6.810634e-07,1155057801,-18.82
1722547186.429691,52,0.0001008266,541931040,-16.940001
1722547186.429691,74,0.0002441361,10093284171,-17.690001
1722547212.227136,3,0.01114539,18016194160,-17.91
1722547212.227136,84,6.266145e-07,1155057801,-18.82
1722547212.227136,52,9.421632e-05,541931040,-16.950001
1722547212.227136,74,0.0002335536,10093284171,-17.690001
1722547341.491193,3,0.008848119,18183801279,-20.969999
1722547341.491193,84,8.091026e-05,1155057801,-21.860001
1722547341.491193,52,0.001139772,541931040,-19.98
1722547341.491193,74,0.002543707,10093284171,-20.709999
1722547439.182662,3,0.01135078,18561089683,-17.860001
1722547439.182662,84,6.991779e-07,1155057801,-18.76
1722547439.182662,52,0.0001031427,541931040,-16.950001
1722547439.182662,74,0.0002272759,10093284171,-17.709999
1722547434.35278,3,0.01130676,18561089683,-17.879999
1722547434.35278,84,7.021877e-07,1155057801,-18.790001
1722547434.35278,52,0.0001072269,541931040,-16.93
1722547434.35278,74,0.0002319493,10093284171,-17.68
1722547296.109721,3,0.01776217,18016194160,-18.690001
1722547296.109721,84,3.331866e-06,1155057801,-19.59
1722547296.109721,52,0.0002003001,541931040,-17.790001
1722547296.109721,74,0.0004661024,10093284171,-18.530001
1722547367.794773,3,0.004205714,18404783654,-22.549999
1722547367.794773,84,0.0006065942,1155057801,-23.43
1722547367.794773,52,0.003485889,541931040,-21.610001
1722547367.794773,74,0.007442339,10093284171,-22.34
1722547317.41623,3,0.02979764,18016194160,-19.84
1722547317.41623,84,1.566204e-05,1155057801,-20.719999
1722547317.41623,52,0.0004642476,541931040,-18.91
1722547317.41623,74,0.001076787,10093284171,-19.67
1722547630.06256,3,0.0,18740524278,-43.02
1722547630.06256,84,0.0,1194978183,-41.029999
1722547630.06256,52,0.0,601267060,-43.540001
1722547630.06256,74,0.0,10165502417,-40.48
1722547647.680363,3,0.02956859,18864439990,-20.110001
1722547647.680363,84,4.385225e-05,1196912487,-21.57
1722547647.680363,52,0.0007455975,610027759,-19.34
1722547647.680363,74,0.002149508,10194388638,-20.58
1722547294.509991,3,0.01698669,18016194160,-18.57
1722547294.509991,84,2.634905e-06,1155057801,-19.48
1722547294.509991,52,0.0001865279,541931040,-17.639999
1722547294.509991,74,0.0004350853,10093284171,-18.379999
1722547281.686146,3,0.01127535,18016194160,-17.85
1722547281.686146,84,6.349045e-07,1155057801,-18.76
1722547281.686146,52,0.0001075809,541931040,-16.959999
1722547281.686146,74,0.0002223855,10093284171,-17.68
1722547154.349009,3,0.01125887,18016194160,-17.870001
1722547154.349009,84,6.885691e-07,1155057801,-18.780001
1722547154.349009,52,9.872099e-05,541931040,-16.98
1722547154.349009,74,0.0002256099,10093284171,-17.719999
1722547527.90813,3,0.01309256,18561089683,-18.209999
1722547527.90813,84,1.418036e-06,1155057801,-19.110001
1722547527.90813,52,0.0001416814,541931040,-17.309999
1722547527.90813,74,0.00031766,10093284171,-18.049999
1722547336.690343,3,0.01041822,18142457606,-20.790001
1722547336.690343,84,6.559247e-05,1155057801,-21.67
1722547336.690343,52,0.0009718239,541931040,-19.82
1722547336.690343,74,0.002202597,10093284171,-20.57
1722547180.020726,3,0.01136058,18016194160,-17.870001
1722547180.020726,84,7.482803e-07,1155057801,-18.780001
1722547180.020726,52,9.920424e-05,541931040,-16.99
1722547180.020726,74,0.0002351011,10093284171,-17.75
1722547215.438402,3,0.01135573,18016194160,-17.91
1722547215.438402,84,6.508023e-07,1155057801,-18.82
1722547215.438402,52,9.655976e-05,541931040,-16.940001
1722547215.438402,74,0.0002360787,10093284171,-17.68
1722547226.686826,3,0.01110483,18016194160,-17.879999
1722547226.686826,84,6.95385e-07,1155057801,-18.790001
1722547226.686826,52,9.697902e-05,541931040,-16.93
1722547226.686826,74,0.0002268446,10093284171,-17.690001
1722547339.891639,3,0.00949196,18173465358,-20.92
1722547339.891639,84,7.946591e-05,1155057801,-21.799999
1722547339.891639,52,0.001075877,541931040,-19.950001
1722547339.891639,74,0.00246459,10093284171,-20.700001
1722547459.343789,3,0.01128273,18561089683,-17.9
1722547459.343789,84,7.332061e-07,1155057801,-18.790001
1722547459.343789,52,0.0001074934,541931040,-16.93
1722547459.343789,74,0.0002265988,10093284171,-17.68
1722547462.559133,3,0.01161305,18561089683,-17.879999
1722547462.559133,84,8.14054e-07,1155057801,-18.780001
1722547462.559133,52,0.0001160613,541931040,-16.959999
1722547462.559133,74,0.000232305,10093284171,-17.700001
1722547682.989906,3,0.01317979,18866248690,-18.01
1722547682.989906,84,8.866331e-07,1196912487,-18.91
1722547682.989906,52,0.0001227704,610027759,-17.110001
1722547682.989906,74,0.0002642819,10194388638,-17.870001
1722547493.089196,3,0.01152269,18561089683,-17.950001
1722547493.089196,84,8.631678e-07,1155057801,-18.84
1722547493.089196,52,0.0001178794,541931040,-17.059999
1722547493.089196,74,0.0002414941,10093284171,-17.809999
1722547489.872884,3,0.01146861,18561089683,-17.940001
1722547489.872884,84,9.27432e-07,1155057801,-18.84
1722547489.872884,52,0.0001126005,541931040,-17.040001
1722547489.872884,74,0.0002497853,10093284171,-17.790001
1722547371.000485,3,0.004923664,18435791414,-22.26
1722547371.000485,84,0.0004281977,1155057801,-23.17
1722547371.000485,52,0.002941064,541931040,-21.35
1722547371.000485,74,0.006103984,10093284171,-22.07
1722547302.987077,3,0.02121958,18016194160,-19.08
1722547302.987077,84,4.731161e-06,1155057801,-19.969999
1722547302.987077,52,0.0002697923,541931040,-18.08
1722547302.987077,74,0.0005909776,10093284171,-18.83
1722547617.205658,3,0.0,18740524278,-43.009998
1722547617.205658,84,0.0,1194978183,-41.080002
1722547617.205658,52,0.0,601267060,-43.57
1722547617.205658,74,0.0,10165502417,-40.639999
1722547325.470626,3,0.02974577,18020940907,-20.190001
1722547325.470626,84,2.918784e-05,1155057801,-21.07
1722547325.470626,52,0.0006340616,541931040,-19.25
1722547325.470626,74,0.001463573,10093284171,-20.0
1722547556.380749,3,0.0158812,18561089683,-18.620001
1722547556.380749,84,3.379486e-06,1155057801,-19.52
1722547556.380749,52,0.0001915973,541931040,-17.700001
1722547556.380749,74,0.0004676152,10093284171,-18.48
1722547333.48532,3,0.01238896,18101118103,-20.620001
1722547333.48532,84,5.568101e-05,1155057801,-21.52
1722547333.48532,52,0.0008515483,541931040,-19.690001
1722547333.48532,74,0.002009335,10093284171,-20.43
1722547582.03903,3,0.005585954,18595821413,-22.530001
1722547582.03903,84,0.00133907,1155057801,-23.440001
1722547582.03903,52,0.003826976,541931040,-21.530001
1722547582.03903,74,0.009809813,10093284171,-22.26
1722547440.782075,3,0.01114357,18561089683,-17.85
1722547440.782075,84,5.600982e-07,1155057801,-18.76
1722547440.782075,52,0.0001014355,541931040,-16.959999
1722547440.782075,74,0.0002505467,10093284171,-17.709999
1722547564.412332,3,0.01716616,18561089683,-18.85
1722547564.412332,84,5.003187e-06,1155057801,-19.76
1722547564.412332,52,0.0002401891,541931040,-17.9
1722547564.412332,74,0.0005454131,10093284171,-18.65
1722547575.629913,3,0.02530407,18561089683,-19.73
1722547575.629913,84,2.851951e-05,1155057801,-20.620001
1722547575.629913,52,0.0004786595,541931040,-18.75
1722547575.629913,74,0.00127872,10093284171,-19.49
1722547503.805903,3,0.01195339,18561089683,-17.98
1722547503.805903,84,8.775627e-07,1155057801,-18.889999
1722547503.805903,52,0.0001093854,541931040,-17.07
1722547503.805903,74,0.0002723118,10093284171,-17.83
1722547194.445195,3,0.0113493,18016194160,-17.85
1722547194.445195,84,7.00676e-07,1155057801,-18.76
1722547194.445195,52,0.0001088055,541931040,-16.969999
1722547194.445195,74,0.0002509101,10093284171,-17.719999
1722547275.257373,3,0.01130159,18016194160,-17.879999
1722547275.257373,84,6.802812e-07,1155057801,-18.780001
1722547275.257373,52,0.0001074429,541931040,-16.959999
1722547275.257373,74,0.0002374625,10093284171,-17.709999
1722547570.812562,3,0.02225101,18561089683,-19.530001
1722547570.812562,84,1.617753e-05,1155057801,-20.43
1722547570.812562,52,0.0004051325,541931040,-18.620001
1722547570.812562,74,0.001028461,10093284171,-19.370001
1722547454.526593,3,0.01166942,18561089683,-17.870001
1722547454.526593,84,6.787563e-07,1155057801,-18.76
1722547454.526593,52,0.0001137131,541931040,-16.959999
1722547454.526593,74,0.000244331,10093284171,-17.719999
1722547217.044409,3,0.01122581,18016194160,-17.889999
1722547217.044409,84,6.651509e-07,1155057801,-18.77
1722547217.044409,52,0.0001000042,541931040,-16.950001
1722547217.044409,74,0.000234371,10093284171,-17.690001
1722547591.675557,3,0.002545111,18699180603,-27.799999
1722547591.675557,84,0.006078524,1169138386,-28.700001
1722547591.675557,52,0.005262202,570259276,-26.959999
1722547591.675557,74,0.002321574,10126742687,-27.68
1722547435.974992,3,0.01116404,18561089683,-17.860001
1722547435.974992,84,6.553248e-07,1155057801,-18.77
1722547435.974992,52,0.0001086559,541931040,-16.93
1722547435.974992,74,0.0002277517,10093284171,-17.68
1722547213.832849,3,0.01140758,18016194160,-17.889999
1722547213.832849,84,6.772446e-07,1155057801,-18.790001
1722547213.832849,52,0.000103075,541931040,-16.940001
1722547213.832849,74,0.000251842,10093284171,-17.68
1722547272.047003,3,0.01186701,18016194160,-17.860001
1722547272.047003,84,7.49821e-07,1155057801,-18.76
1722547272.047003,52,0.0001042191,541931040,-16.940001
1722547272.047003,74,0.0002377401,10093284171,-17.700001
1722547188.030642,3,0.01122811,18016194160,-17.889999
1722547188.030642,84,7.014319e-07,1155057801,-18.799999
1722547188.030642,52,0.0001057702,541931040,-16.940001
1722547188.030642,74,0.0002318574,10093284171,-17.68
1722547200.861227,3,0.0112808,18016194160,-17.889999
1722547200.861227,84,6.938868e-07,1155057801,-18.799999
1722547200.861227,52,9.462297e-05,541931040,-16.940001
1722547200.861227,74,0.0002462651,10093284171,-17.68
1722547319.023272,3,0.03037838,18016194160,-19.83
1722547319.023272,84,1.673038e-05,1155057801,-20.73
1722547319.023272,52,0.0004732564,541931040,-18.870001
1722547319.023272,74,0.001137837,10093284171,-19.6
1722547473.803008,3,0.01156992,18561089683,-17.91
1722547473.803008,84,7.679619e-07,1155057801,-18.82
1722547473.803008,52,0.0001224053,541931040,-16.959999
1722547473.803008,74,0.0002301241,10093284171,-17.719999
1722547265.628579,3,0.01110026,18016194160,-17.889999
1722547265.628579,84,7.27145e-07,1155057801,-18.799999
1722547265.628579,52,0.0001096001,541931040,-16.940001
1722547265.628579,74,0.0002254101,10093284171,-17.68
1722547510.233278,3,0.01223763,18561089683,-18.049999
1722547510.233278,84,1.027225e-06,1155057801,-18.950001
1722547510.233278,52,0.000116663,541931040,-17.110001
1722547510.233278,74,0.0002665481,10093284171,-17.860001
1722547646.079784,3,0.009672999,18843883454,-21.440001
1722547646.079784,84,0.0001788639,1196912487,-22.33
1722547646.079784,52,0.001512024,610027759,-20.75
1722547646.079784,74,0.004501372,10194388638,-21.49
1722547304.585753,3,0.0230737,18016194160,-19.129999
1722547304.585753,84,6.619008e-06,1155057801,-20.02
1722547304.585753,52,0.0003217092,541931040,-18.129999
1722547304.585753,74,0.0007248304,10093284171,-18.889999
1722547511.842842,3,0.01222456,18561089683,-18.09
1722547511.842842,84,1.053639e-06,1155057801,-18.99
1722547511.842842,52,0.000125071,541931040,-17.139999
1722547511.842842,74,0.0002741294,10093284171,-17.879999
1722547449.727826,3,0.01115801,18561089683,-17.870001
1722547449.727826,84,7.430182e-07,1155057801,-18.76
1722547449.727826,52,0.0001011617,541931040,-16.93
1722547449.727826,74,0.0002361427,10093284171,-17.690001
1722547262.419575,3,0.01117082,18016194160,-17.889999
1722547262.419575,84,7.263891e-07,1155057801,-18.809999
1722547262.419575,52,0.000104318,541931040,-16.959999
1722547262.419575,74,0.0002253728,10093284171,-17.709999
1722547292.907875,3,0.01599775,18016194160,-18.530001
1722547292.907875,84,2.116389e-06,1155057801,-19.440001
1722547292.907875,52,0.0001750453,541931040,-17.57
1722547292.907875,74,0.0003901372,10093284171,-18.33
1722547516.667003,3,0.01257783,18561089683,-18.1
1722547516.667003,84,1.085426e-06,1155057801,-19.0
1722547516.667003,52,0.0001290463,541931040,-17.18
1722547516.667003,74,0.0002854266,10093284171,-17.950001
1722547626.842329,3,0.0,18740524278,-42.880001
1722547626.842329,84,0.0,1194978183,-41.139999
1722547626.842329,52,0.0,601267060,-43.369999
1722547626.842329,74,0.0,10165502417,-40.59
1722547585.24311,3,0.003743405,18626829172,-23.66
1722547585.24311,84,0.005233495,1155057801,-24.540001
1722547585.24311,52,0.008395969,541931040,-22.65
1722547585.24311,74,0.02091025,10093284171,-23.379999
1722547399.032128,3,0.01155625,18561089683,-17.85
1722547399.032128,84,6.628962e-07,1155057801,-18.76
1722547399.032128,52,0.0001074326,541931040,-16.959999
1722547399.032128,74,0.0002366859,10093284171,-17.700001
1722547577.23654,3,0.02981189,18561089683,-20.209999
1722547577.23654,84,5.4759e-05,1155057801,-21.120001
1722547577.23654,52,0.0006661709,541931040,-19.200001
1722547577.23654,74,0.001904399,10093284171,-19.950001
1722547679.76325,3,0.01336337,18866248690,-18.129999
1722547679.76325,84,1.018154e-06,1196912487,-19.030001
1722547679.76325,52,0.0001263572,610027759,-17.17
1722547679.76325,74,0.0002887134,10194388638,-17.93
1722547495.779334,3,0.01150637,18561089683,-17.98
1722547495.779334,84,7.430038e-07,1155057801,-18.889999
1722547495.779334,52,0.0001135856,541931040,-17.02
1722547495.779334,74,0.0002544326,10093284171,-17.77
1722547519.883569,3,0.0131899,18561089683,-18.139999
1722547519.883569,84,1.263762e-06,1155057801,-19.049999
1722547519.883569,52,0.000137913,541931040,-17.219999
1722547519.883569,74,0.0003017038,10093284171,-17.98
1722547231.519853,3,0.01140891,18016194160,-17.870001
1722547231.519853,84,6.462546e-07,1155057801,-18.780001
1722547231.519853,52,9.482655e-05,541931040,-16.969999
1722547231.519853,74,0.0002339452,10093284171,-17.709999
1722547426.327712,3,0.01159779,18561089683,-17.860001
1722547426.327712,84,7.112305e-07,1155057801,-18.75
1722547426.327712,52,0.0001053384,541931040,-16.950001
1722547426.327712,74,0.0002300222,10093284171,-17.709999
1722547260.82003,3,0.01167836,18016194160,-17.860001
1722547260.82003,84,7.589061e-07,1155057801,-18.77
1722547260.82003,52,0.0001009245,541931040,-16.969999
1722547260.82003,74,0.0002358676,10093284171,-17.709999
1722547218.64952,3,0.01112186,18016194160,-17.870001
1722547218.64952,84,6.931443e-07,1155057801,-18.780001
1722547218.64952,52,0.000104149,541931040,-16.969999
1722547218.64952,74,0.0002308814,10093284171,-17.700001
1722547540.737607,3,0.0148839,18561089683,-18.530001
1722547540.737607,84,2.535181e-06,1155057801,-19.440001
1722547540.737607,52,0.0001818301,541931040,-17.629999
1722547540.737607,74,0.0004469094,10093284171,-18.379999
1722547379.017379,3,0.007681419,18518478778,-21.379999
1722547379.017379,84,0.0001490631,1155057801,-22.25
1722547379.017379,52,0.001546406,541931040,-20.4
1722547379.017379,74,0.003415986,10093284171,-21.15
1722547549.973061,3,0.01553834,18561089683,-18.620001
1722547549.973061,84,2.755788e-06,1155057801,-19.530001
1722547549.973061,52,0.0001843634,541931040,-17.67
1722547549.973061,74,0.0004355932,10093284171,-18.43
1722547615.604527,3,0.0,18740524278,-42.98
1722547615.604527,84,0.0,1194978183,-41.16
1722547615.604527,52,0.0,601267060,-43.610001
1722547615.604527,74,0.0,10165502417,-40.709999
1722547546.765177,3,0.01549363,18561089683,-18.65
1722547546.765177,84,2.832993e-06,1155057801,-19.58
1722547546.765177,52,0.000181022,541931040,-17.690001
1722547546.765177,74,0.0004504758,10093284171,-18.440001
1722547569.215362,3,0.02126427,18561089683,-19.370001
1722547569.215362,84,1.32287e-05,1155057801,-20.280001
1722547569.215362,52,0.0003387978,541931040,-18.450001
1722547569.215362,74,0.000893859,10093284171,-19.190001
1722547366.197703,3,0.004087196,18384111817,-22.77
1722547366.197703,84,0.0007296401,1155057801,-23.629999
1722547366.197703,52,0.003723598,541931040,-21.799999
1722547366.197703,74,0.008380483,10093284171,-22.52
1722547160.756998,3,0.01140715,18016194160,-17.92
1722547160.756998,84,7.407649e-07,1155057801,-18.83
1722547160.756998,52,0.0001138617,541931040,-16.950001
1722547160.756998,74,0.0002380883,10093284171,-17.690001
1722547192.838854,3,0.01127755,18016194160,-17.860001
1722547192.838854,84,6.644208e-07,1155057801,-18.77
1722547192.838854,52,9.661139e-05,541931040,-16.99
1722547192.838854,74,0.0002341765,10093284171,-17.719999
1722547634.871693,3,0.0,18740524278,-43.209999
1722547634.871693,84,0.0,1194978183,-41.049999
1722547634.871693,52,0.0,601267060,-43.509998
1722547634.871693,74,0.0,10165502417,-40.41
1722547478.626423,3,0.01136515,18561089683,-17.9
1722547478.626423,84,7.974253e-07,1155057801,-18.799999
1722547478.626423,52,0.0001102558,541931040,-16.99
1722547478.626423,74,0.0002352826,10093284171,-17.74
1722547625.234365,3,0.0,18740524278,-42.889999
1722547625.234365,84,0.0,1194978183,-41.18
1722547625.234365,52,0.0,601267060,-43.43
1722547625.234365,74,0.0,10165502417,-40.720001
1722547548.368351,3,0.01548057,18561089683,-18.620001
1722547548.368351,84,2.972015e-06,1155057801,-19.530001
1722547548.368351,52,0.0001933664,541931040,-17.690001
1722547548.368351,74,0.0004705504,10093284171,-18.440001
1722547276.863259,3,0.01140143,18016194160,-17.889999
1722547276.863259,84,6.961544e-07,1155057801,-18.799999
1722547276.863259,52,0.0001089996,541931040,-16.940001
1722547276.863259,74,0.0002234972,10093284171,-17.68
1722547320.631601,3,0.03162098,18016194160,-19.870001
1722547320.631601,84,1.877881e-05,1155057801,-20.76
1722547320.631601,52,0.0005586935,541931040,-18.92
1722547320.631601,74,0.001164,10093284171,-19.66
1722547485.045584,3,0.0117116,18561089683,-17.959999
1722547485.045584,84,8.556094e-07,1155057801,-18.860001
1722547485.045584,52,0.0001177796,541931040,-17.0
1722547485.045584,74,0.0002489905,10093284171,-17.76
1722547322.258889,3,0.03392051,18016194160,-20.01
1722547322.258889,84,2.238913e-05,1155057801,-20.889999
1722547322.258889,52,0.000550882,541931040,-19.059999
1722547322.258889,74,0.001273323,10093284171,-19.799999
1722547311.00549,3,0.02619661,18016194160,-19.48
1722547311.00549,84,1.00281e-05,1155057801,-20.360001
1722547311.00549,52,0.0003750431,541931040,-18.530001
1722547311.00549,74,0.0008759857,10093284171,-19.290001
1722547636.487145,3,0.002874645,18740524278,-27.549999
1722547636.487145,84,0.02908083,1194978183,-28.389999
1722547636.487145,52,0.01963403,601267060,-27.780001
1722547636.487145,74,0.003085156,10165502417,-28.379999
1722547586.845042,3,0.002927756,18647501009,-25.6
1722547586.845042,84,0.01934116,1155057801,-26.48
1722547586.845042,52,0.02029179,541931040,-24.43
1722547586.845042,74,0.01047452,10095737221,-25.120001
1722547508.61855,3,0.01238802,18561089683,-18.040001
1722547508.61855,84,1.029452e-06,1155057801,-18.940001
1722547508.61855,52,0.0001213815,541931040,-17.09
1722547508.61855,74,0.0002818694,10093284171,-17.84
1722547245.940431,3,0.01106515,18016194160,-17.860001
1722547245.940431,84,6.303939e-07,1155057801,-18.77
1722547245.940431,52,0.0001000437,541931040,-16.969999
1722547245.940431,74,0.0002478089,10093284171,-17.709999
1722547176.810961,3,0.01119709,18016194160,-17.91
1722547176.810961,84,7.120276e-07,1155057801,-18.82
1722547176.810961,52,0.0001089168,541931040,-16.950001
1722547176.810961,74,0.0002368824,10093284171,-17.700001
1722547456.134357,3,0.01133872,18561089683,-17.889999
1722547456.134357,84,6.318934e-07,1155057801,-18.790001
1722547456.134357,52,0.0001081432,541931040,-16.940001
1722547456.134357,74,0.0002267031,10093284171,-17.709999
1722547309.396586,3,0.02507099,18016194160,-19.370001
1722547309.396586,84,8.696261e-06,1155057801,-20.26
1722547309.396586,52,0.0003452973,541931040,-18.469999
1722547309.396586,74,0.0007702611,10093284171,-19.209999
1722547639.719476,3,0.003278082,18781867953,-24.32
1722547639.719476,84,0.006831736,1196912487,-25.24
1722547639.719476,52,0.01612137,610027759,-23.459999
1722547639.719476,74,0.03255936,10194388638,-24.18
1722547644.453688,3,0.004396225,18823211621,-22.84
1722547644.453688,84,0.00156873,1196912487,-23.74
1722547644.453688,52,0.004792169,610027759,-22.040001
1722547644.453688,74,0.01258283,10194388638,-22.76
1722547532.720674,3,0.01330205,18561089683,-18.309999
1722547532.720674,84,1.682595e-06,1155057801,-19.209999
1722547532.720674,52,0.0001435523,541931040,-17.370001
1722547532.720674,74,0.0003213829,10093284171,-18.129999
1722547249.144044,3,0.01111386,18016194160,-17.879999
1722547249.144044,84,7.067366e-07,1155057801,-18.780001
1722547249.144044,52,9.921986e-05,541931040,-16.959999
1722547249.144044,74,0.0002294145,10093284171,-17.700001
1722547649.28708,3,0.03091879,18866248690,-19.799999
1722547649.28708,84,1.881621e-05,1196912487,-20.700001
1722547649.28708,52,0.0004933073,610027759,-18.940001
1722547649.28708,74,0.001335147,10194388638,-19.709999
1722547515.059512,3,0.0126672,18561089683,-18.08
1722547515.059512,84,1.061218e-06,1155057801,-18.99
1722547515.059512,52,0.0001243022,541931040,-17.17
1722547515.059512,74,0.0002741042,10093284171,-17.92
1722547689.415636,3,0.01251204,18866248690,-18.0
1722547689.415636,84,7.286708e-07,1196912487,-18.91
1722547689.415636,52,0.0001025216,610027759,-17.040001
1722547689.415636,74,0.0002682896,10194388638,-17.790001
1722547652.490302,3,0.02567887,18866248690,-19.26
1722547652.490302,84,8.784697e-06,1196912487,-20.15
1722547652.490302,52,0.0003317982,610027759,-18.32
1722547652.490302,74,0.0008590429,10194388638,-19.09
1722547628.449058,3,0.0,18740524278,-42.91
1722547628.449058,84,0.0,1194978183,-41.189999
1722547628.449058,52,0.0,601267060,-43.349998
1722547628.449058,74,0.0,10165502417,-40.549999
1722547654.091011,3,0.02399035,18866248690,-19.110001
1722547654.091011,84,7.334329e-06,1196912487,-20.01
1722547654.091011,52,0.0003004587,610027759,-18.16
1722547654.091011,74,0.0007691535,10194388638,-18.91
1722547242.735162,3,0.01141197,18016194160,-17.870001
1722547242.735162,84,7.309384e-07,1155057801,-18.780001
1722547242.735162,52,9.438966e-05,541931040,-16.950001
1722547242.735162,74,0.000239009,10093284171,-17.700001
1722547523.099784,3,0.012989,18561089683,-18.190001
1722547523.099784,84,1.350684e-06,1155057801,-19.09
1722547523.099784,52,0.0001323715,541931040,-17.25
1722547523.099784,74,0.0003132876,10093284171,-18.0
1722547657.293273,3,0.02204732,18866248690,-19.02
1722547657.293273,84,6.208579e-06,1196912487,-19.93
1722547657.293273,52,0.0002850388,610027759,-18.120001
1722547657.293273,74,0.0007525816,10194388638,-18.870001
1722547658.901902,3,0.0220488,18866248690,-18.92
1722547658.901902,84,5.330381e-06,1196912487,-19.82
1722547658.901902,52,0.000245638,610027759,-18.030001
1722547658.901902,74,0.0006753244,10194388638,-18.790001
1722547607.602781,3,0.0,18740524278,-43.029999
1722547607.602781,84,0.0,1194978183,-41.150002
1722547607.602781,52,0.0,601267060,-43.68
1722547607.602781,74,0.0,10165502417,-40.830002
1722547464.16977,3,0.01119151,18561089683,-17.860001
1722547464.16977,84,6.719536e-07,1155057801,-18.77
1722547464.16977,52,0.0001089608,541931040,-16.98
1722547464.16977,74,0.0002272129,10093284171,-17.719999
1722547553.171919,3,0.01508488,18561089683,-18.59
1722547553.171919,84,2.934979e-06,1155057801,-19.49
1722547553.171919,52,0.0001790578,541931040,-17.66
1722547553.171919,74,0.0004220493,10093284171,-18.440001
1722547588.452259,3,0.002649295,18657836926,-26.66
1722547588.452259,84,0.007934232,1155057801,-27.530001
1722547588.452259,52,0.01117495,541931040,-25.559999
1722547588.452259,74,0.002675886,10103486792,-26.23
1722547604.401618,3,0.0,18740524278,-43.009998
1722547604.401618,84,0.0,1194978183,-41.150002
1722547604.401618,52,0.0,601267060,-43.700001
1722547604.401618,74,0.0,10165502417,-40.84
1722547666.929327,3,0.01809809,18866248690,-18.700001
1722547666.929327,84,2.998586e-06,1196912487,-19.6
1722547666.929327,52,0.000206921,610027759,-17.73
1722547666.929327,74,0.0005439151,10194388638,-18.49
1722547338.290638,3,0.009189036,18152793524,-20.84
1722547338.290638,84,7.740012e-05,1155057801,-21.73
1722547338.290638,52,0.001026806,541931040,-19.92
1722547338.290638,74,0.002472729,10093284171,-20.65
1722547668.529255,3,0.01768561,18866248690,-18.66
1722547668.529255,84,3.044636e-06,1196912487,-19.57
1722547668.529255,52,0.0001973135,610027759,-17.719999
1722547668.529255,74,0.0004941357,10194388638,-18.48
1722547383.843801,3,0.01443112,18561089683,-18.35
1722547383.843801,84,1.643981e-06,1155057801,-19.26
1722547383.843801,52,0.0001530169,541931040,-17.49
1722547383.843801,74,0.0003552521,10093284171,-18.24
1722547380.623911,3,0.01149779,18528814699,-21.030001
1722547380.623911,84,8.466805e-05,1155057801,-21.93
1722547380.623911,52,0.001092899,541931040,-20.35
1722547380.623911,74,0.002726114,10093284171,-21.1
1722547446.529372,3,0.01124437,18561089683,-17.9
1722547446.529372,84,6.95385e-07,1155057801,-18.790001
1722547446.529372,52,0.0001024868,541931040,-16.92
1722547446.529372,74,0.0002361316,10093284171,-17.68
1722547673.350379,3,0.01669177,18866248690,-18.58
1722547673.350379,84,2.584213e-06,1196912487,-19.48
1722547673.350379,52,0.0001819522,610027759,-17.68
1722547673.350379,74,0.0004928127,10194388638,-18.42
1722547448.12937,3,0.01112196,18561089683,-17.889999
1722547448.12937,84,6.727355e-07,1155057801,-18.790001
1722547448.12937,52,0.0001114364,541931040,-16.93
1722547448.12937,74,0.0002257393,10093284171,-17.690001
1722547513.460454,3,0.01223655,18561089683,-18.08
1722547513.460454,84,1.109571e-06,1155057801,-18.99
1722547513.460454,52,0.0001285241,541931040,-17.139999
1722547513.460454,74,0.0002935619,10093284171,-17.889999
1722547676.559395,3,0.01479338,18866248690,-18.530001
1722547676.559395,84,1.686309e-06,1196912487,-19.43
1722547676.559395,52,0.0001491745,610027759,-17.610001
1722547676.559395,74,0.0003617325,10194388638,-18.370001
1722547678.159291,3,0.01408341,18866248690,-18.23
1722547678.159291,84,1.202539e-06,1196912487,-19.129999
1722547678.159291,52,0.0001372383,610027759,-17.27
1722547678.159291,74,0.0003237687,10194388638,-18.030001
1722547374.195151,3,0.006848198,18466799178,-21.51
1722547374.195151,84,0.0001786822,1155057801,-22.41
1722547374.195151,52,0.001790989,541931040,-20.65
1722547374.195151,74,0.003989581,10093284171,-21.379999
1722547175.20576,3,0.01131734,18016194160,-17.889999
1722547175.20576,84,6.923617e-07,1155057801,-18.799999
1722547175.20576,52,9.895353e-05,541931040,-16.93
1722547175.20576,74,0.0002466492,10093284171,-17.67
1722547397.433329,3,0.0116745,18561089683,-17.879999
1722547397.433329,84,6.424629e-07,1155057801,-18.780001
1722547397.433329,52,0.0001141489,541931040,-16.92
1722547397.433329,74,0.0002441115,10093284171,-17.67
1722547181.617707,3,0.01128864,18016194160,-17.860001
1722547181.617707,84,6.130089e-07,1155057801,-18.76
1722547181.617707,52,9.711152e-05,541931040,-16.98
1722547181.617707,74,0.0002381924,10093284171,-17.73
1722547610.799282,3,0.0,18740524278,-42.990002
1722547610.799282,84,0.0,1194978183,-40.970001
1722547610.799282,52,0.0,601267060,-43.700001
1722547610.799282,74,0.0,10165502417,-40.790001
1722547686.20639,3,0.01288301,18866248690,-17.99
1722547686.20639,84,9.221768e-07,1196912487,-18.889999
1722547686.20639,52,0.0001149009,610027759,-17.09
1722547686.20639,74,0.0002645075,10194388638,-17.84
1722547622.026187,3,0.0,18740524278,-43.02
1722547622.026187,84,0.0,1194978183,-41.169998
1722547622.026187,52,0.0,601267060,-43.439999
1722547622.026187,74,0.0,10165502417,-40.59
1722547236.318341,3,0.01130896,18016194160,-17.879999
1722547236.318341,84,6.787694e-07,1155057801,-18.780001
1722547236.318341,52,9.728689e-05,541931040,-16.959999
1722547236.318341,74,0.000236514,10093284171,-17.709999
1722547359.783165,3,0.006823746,18322096294,-21.4
1722547359.783165,84,0.0001615373,1155057801,-22.290001
1722547359.783165,52,0.00158196,541931040,-20.5
1722547359.783165,74,0.003647946,10093284171,-21.23
1722547369.396586,3,0.004405297,18415119578,-22.440001
1722547369.396586,84,0.000499143,1155057801,-23.309999
1722547369.396586,52,0.003219671,541931040,-21.469999
1722547369.396586,74,0.006972957,10093284171,-22.200001
1722547251.199168,3,0.01106994,18016194160,-17.91
1722547251.199168,84,6.825488e-07,1155057801,-18.82
1722547251.199168,52,9.876813e-05,541931040,-16.940001
1722547251.199168,74,0.0002276044,10093284171,-17.68
1722547531.11802,3,0.01378598,18561089683,-18.25
1722547531.11802,84,1.634155e-06,1155057801,-19.18
1722547531.11802,52,0.0001385033,541931040,-17.34
1722547531.11802,74,0.000329448,10093284171,-18.09
1722547594.674369,3,0.002233543,18730188361,-29.75
1722547594.674369,84,0.002275586,1184642263,-29.809999
1722547594.674369,52,0.002267882,593515115,-28.889999
1722547594.674369,74,0.001768911,10149998524,-28.74
1722547609.200254,3,0.0,18740524278,-43.049999
1722547609.200254,84,0.0,1194978183,-41.049999
1722547609.200254,52,0.0,601267060,-43.630001
1722547609.200254,74,0.0,10165502417,-40.779999
1722547178.416375,3,0.01137138,18016194160,-17.889999
1722547178.416375,84,6.953582e-07,1155057801,-18.799999
1722547178.416375,52,9.521714e-05,541931040,-16.959999
1722547178.416375,74,0.0002395884,10093284171,-17.719999
1722547223.463544,3,0.01123646,18016194160,-17.879999
1722547223.463544,84,6.084619e-07,1155057801,-18.790001
1722547223.463544,52,9.436144e-05,541931040,-16.959999
1722547223.463544,74,0.0002357093,10093284171,-17.700001
1722547388.653681,3,0.01393033,18561089683,-18.27
1722547388.653681,84,1.263055e-06,1155057801,-19.15
1722547388.653681,52,0.0001310517,541931040,-17.290001
1722547388.653681,74,0.0003324228,10093284171,-18.040001
1722547467.381658,3,0.01156287,18561089683,-17.870001
1722547467.381658,84,7.33962e-07,1155057801,-18.790001
1722547467.381658,52,0.000108212,541931040,-16.969999
1722547467.381658,74,0.0002336751,10093284171,-17.719999
1722547423.121136,3,0.0113807,18561089683,-17.870001
1722547423.121136,84,6.296502e-07,1155057801,-18.780001
1722547423.121136,52,0.0001058678,541931040,-16.92
1722547423.121136,74,0.0002321583,10093284171,-17.68
1722547539.132821,3,0.01476165,18561089683,-18.469999
1722547539.132821,84,2.272851e-06,1155057801,-19.379999
1722547539.132821,52,0.0001700554,541931040,-17.540001
1722547539.132821,74,0.0004061471,10093284171,-18.290001
1722547297.709236,3,0.01864069,18016194160,-18.799999
1722547297.709236,84,3.28727e-06,1155057801,-19.690001
1722547297.709236,52,0.0002299044,541931040,-17.85
1722547297.709236,74,0.0005046873,10093284171,-18.620001
1722547597.887774,3,0.0,18740524278,-42.950001
1722547597.887774,84,0.0,1194978183,-41.279999
1722547597.887774,52,0.0,601267060,-43.630001
1722547597.887774,74,0.0,10165502417,-40.740002
1722547267.239505,3,0.01117379,18016194160,-17.889999
1722547267.239505,84,6.11509e-07,1155057801,-18.799999
1722547267.239505,52,9.905636e-05,541931040,-16.940001
1722547267.239505,74,0.0002340742,10093284171,-17.690001
1722547606.003376,3,0.0,18740524278,-43.009998
1722547606.003376,84,0.0,1194978183,-41.240002
1722547606.003376,52,0.0,601267060,-43.700001
1722547606.003376,74,0.0,10165502417,-40.84
1722547561.198912,3,0.0165319,18561089683,-18.719999
1722547561.198912,84,3.736328e-06,1155057801,-19.629999
1722547561.198912,52,0.0002009991,541931040,-17.780001
1722547561.198912,74,0.0004914098,10093284171,-18.52
1722547315.809256,3,0.02988714,18016194160,-19.799999
1722547315.809256,84,1.560792e-05,1155057801,-20.700001
1722547315.809256,52,0.0004984353,541931040,-18.809999
1722547315.809256,74,0.001067376,10093284171,-19.559999
