1722977793.392236,3,0.004764693,22573783413,-16.73
1722977793.392236,84,0.004813835,4214925222,-17.66
1722977793.392236,52,0.003676057,1053537350,-15.79
1722977793.392236,74,0.00854252,3320128796,-16.57
1722977794.996175,3,0.004960787,22573783413,-16.719999
1722977794.996175,84,0.004760123,4214925222,-17.620001
1722977794.996175,52,0.003509751,1053537350,-15.78
1722977794.996175,74,0.008788976,3320128796,-16.559999
1722977561.046344,3,0.004949684,22386551596,-16.790001
1722977561.046344,84,0.004830664,4026489821,-17.68
1722977561.046344,52,0.003669207,934837602,-15.82
1722977561.046344,74,0.008936703,3073128599,-16.6
1722977796.598325,3,0.004897015,22573783413,-16.73
1722977796.598325,84,0.00482128,4214925222,-17.620001
1722977796.598325,52,0.003630552,1053537350,-15.76
1722977796.598325,74,0.008845057,3320128796,-16.540001
1722977703.07483,3,0.006902295,22386551596,-17.549999
1722977703.07483,84,0.006780406,4026489821,-18.440001
1722977703.07483,52,0.004819911,934837602,-16.57
1722977703.07483,74,0.01248145,3073128599,-17.35
1722977482.185433,3,0.003334175,21905911072,-23.610001
1722977482.185433,84,0.005688799,3795561962,-24.469999
1722977482.185433,52,0.01318354,848418785,-22.690001
1722977482.185433,74,0.003800262,2583786806,-23.42
1722977690.245458,3,0.006123491,22386551596,-17.26
1722977690.245458,84,0.006030416,4026489821,-18.16
1722977690.245458,52,0.004380816,934837602,-16.209999
1722977690.245458,74,0.01084161,3073128599,-16.99
1722977551.38467,3,0.007118204,22386551596,-17.35
1722977551.38467,84,0.006082301,4026489821,-18.25
1722977551.38467,52,0.004619425,934837602,-16.450001
1722977551.38467,74,0.01101291,3073128599,-17.219999
1722977807.870124,3,0.004810837,22573783413,-16.73
1722977807.870124,84,0.004843103,4214925222,-17.629999
1722977807.870124,52,0.003613763,1053537350,-15.78
1722977807.870124,74,0.008739425,3320128796,-16.549999
1722977438.799328,3,0.009709901,21451130691,-21.27
1722977438.799328,84,0.02651522,3481439720,-22.16
1722977438.799328,52,0.02004766,697588387,-20.299999
1722977438.799328,74,0.009729776,2139341827,-21.059999
1722977812.710913,3,0.004695117,22573783413,-16.719999
1722977812.710913,84,0.004794684,4214925222,-17.620001
1722977812.710913,52,0.003514359,1053537350,-15.78
1722977812.710913,74,0.008521051,3320128796,-16.559999
1722977664.615569,3,0.004661829,22386551596,-16.719999
1722977664.615569,84,0.004685976,4026489821,-17.620001
1722977664.615569,52,0.003536024,934837602,-15.76
1722977664.615569,74,0.008439384,3073128599,-16.530001
1722977819.136628,3,0.004867055,22573783413,-16.74
1722977819.136628,84,0.004831085,4214925222,-17.629999
1722977819.136628,52,0.003700206,1053537350,-15.78
1722977819.136628,74,0.008825226,3320128796,-16.559999
1722977425.349645,3,0.02977248,21392731847,-20.18
1722977425.349645,84,0.01809979,3481439720,-21.07
1722977425.349645,52,0.01353403,697588387,-19.18
1722977425.349645,74,0.03282029,2057517864,-19.940001
1722977823.975147,3,0.004728075,22573783413,-16.719999
1722977823.975147,84,0.004783887,4214925222,-17.629999
1722977823.975147,52,0.003459392,1053537350,-15.78
1722977823.975147,74,0.008660199,3320128796,-16.559999
1722977299.185405,3,0.004798932,21392731847,-16.690001
1722977299.185405,84,0.004719929,3481439720,-17.59
1722977299.185405,52,0.003571825,697588387,-15.74
1722977299.185405,74,0.008517114,2057517864,-16.51
1722977510.315393,3,0.00575028,22195316799,-22.030001
1722977510.315393,84,0.0328262,4026489821,-22.889999
1722977510.315393,52,0.02563665,934837602,-21.139999
1722977510.315393,74,0.006441603,2873192729,-21.870001
1722977730.377552,3,0.003924901,22462486492,-24.370001
1722977730.377552,84,0.003030989,4101771010,-25.26
1722977730.377552,52,0.005363719,955283664,-23.049999
1722977730.377552,74,0.00284557,3173291265,-23.780001
1722977764.071413,3,0.005084181,22573783413,-16.809999
1722977764.071413,84,0.005205594,4214925222,-17.77
1722977764.071413,52,0.004006398,1053537350,-15.91
1722977764.071413,74,0.00935494,3320128796,-16.690001
1722977832.000921,3,0.004928563,22573783413,-16.76
1722977832.000921,84,0.004901338,4214925222,-17.65
1722977832.000921,52,0.003517855,1053537350,-15.79
1722977832.000921,74,0.008640164,3320128796,-16.57
1722977595.915204,3,0.004592038,22386551596,-16.620001
1722977595.915204,84,0.004483469,4026489821,-17.51
1722977595.915204,52,0.003436152,934837602,-15.68
1722977595.915204,74,0.008295102,3073128599,-16.450001
1722977359.10815,3,0.006221003,21392731847,-17.139999
1722977359.10815,84,0.005576752,3481439720,-18.030001
1722977359.10815,52,0.00406946,697588387,-16.18
1722977359.10815,74,0.01040395,2057517864,-16.959999
1722977801.417707,3,0.004943903,22573783413,-16.73
1722977801.417707,84,0.004839067,4214925222,-17.629999
1722977801.417707,52,0.003538101,1053537350,-15.77
1722977801.417707,74,0.008758407,3320128796,-16.559999
1722977628.042961,3,0.004428576,22386551596,-16.639999
1722977628.042961,84,0.00454776,4026489821,-17.530001
1722977628.042961,52,0.003384094,934837602,-15.69
1722977628.042961,74,0.008336627,3073128599,-16.469999
1722977398.05925,3,0.01522026,21392731847,-18.799999
1722977398.05925,84,0.01069943,3481439720,-19.67
1722977398.05925,52,0.007886715,697588387,-17.82
1722977398.05925,74,0.01963249,2057517864,-18.58
1722977270.132432,3,0.004643192,21392731847,-16.68
1722977270.132432,84,0.004873344,3481439720,-17.58
1722977270.132432,52,0.003618433,697588387,-15.74
1722977270.132432,74,0.008394627,2057517864,-16.51
1722977603.93941,3,0.004537639,22386551596,-16.620001
1722977603.93941,84,0.004675751,4026489821,-17.52
1722977603.93941,52,0.003653438,934837602,-15.66
1722977603.93941,74,0.008371646,3073128599,-16.440001
1722977274.943591,3,0.004791131,21392731847,-16.719999
1722977274.943591,84,0.004753541,3481439720,-17.59
1722977274.943591,52,0.003431526,697588387,-15.76
1722977274.943591,74,0.008319469,2057517864,-16.530001
1722977406.097224,3,0.01871436,21392731847,-19.280001
1722977406.097224,84,0.0128815,3481439720,-20.16
1722977406.097224,52,0.009388187,697588387,-18.290001
1722977406.097224,74,0.02336792,2057517864,-19.059999
1722977719.140964,3,0.02003411,22386551596,-20.030001
1722977719.140964,84,0.01996304,4026489821,-20.93
1722977719.140964,52,0.01287846,934837602,-18.950001
1722977719.140964,74,0.03416732,3073128599,-19.719999
1722977363.920348,3,0.006690154,21392731847,-17.299999
1722977363.920348,84,0.006197616,3481439720,-18.190001
1722977363.920348,52,0.004404439,697588387,-16.360001
1722977363.920348,74,0.01081815,2057517864,-17.120001
1722977618.411293,3,0.004517382,22386551596,-16.610001
1722977618.411293,84,0.004507208,4026489821,-17.51
1722977618.411293,52,0.003383919,934837602,-15.67
1722977618.411293,74,0.008504435,3073128599,-16.440001
1722977459.685751,3,0.004542732,21668184955,-22.639999
1722977459.685751,84,0.0150283,3557971706,-23.5
1722977459.685751,52,0.03143736,697588387,-21.68
1722977459.685751,74,0.005084277,2356396312,-22.41
1722977699.863053,3,0.006804918,22386551596,-17.5
1722977699.863053,84,0.006855343,4026489821,-18.4
1722977699.863053,52,0.004797493,934837602,-16.559999
1722977699.863053,74,0.0122429,3073128599,-17.33
1722977320.040432,3,0.004581755,21392731847,-16.709999
1722977320.040432,84,0.004836376,3481439720,-17.6
1722977320.040432,52,0.003410963,697588387,-15.74
1722977320.040432,74,0.008421144,2057517864,-16.51
1722977478.975817,3,0.003418805,21864567398,-23.58
1722977478.975817,84,0.005521895,3754218289,-24.459999
1722977478.975817,52,0.01341099,817489483,-22.620001
1722977478.975817,74,0.003715516,2552779023,-23.35
1722977778.564512,3,0.004830413,22573783413,-16.73
1722977778.564512,84,0.004759754,4214925222,-17.629999
1722977778.564512,52,0.003665848,1053537350,-15.79
1722977778.564512,74,0.008921534,3320128796,-16.58
1722977651.790156,3,0.004576378,22386551596,-16.66
1722977651.790156,84,0.004620104,4026489821,-17.559999
1722977651.790156,52,0.003429087,934837602,-15.7
1722977651.790156,74,0.0084641,3073128599,-16.469999
1722977492.611552,3,0.004301236,22009270257,-22.889999
1722977492.611552,84,0.01226723,3898915364,-23.75
1722977492.611552,52,0.03387278,934837602,-21.889999
1722977492.611552,74,0.004596871,2697481944,-22.620001
1722977464.514964,3,0.004219224,21719864546,-22.879999
1722977464.514964,84,0.01085357,3609519318,-23.77
1722977464.514964,52,0.03338787,697588387,-21.92
1722977464.514964,74,0.004707078,2408075951,-22.65
1722977754.441869,3,0.007394658,22573783413,-17.68
1722977754.441869,84,0.007594182,4214925222,-18.59
1722977754.441869,52,0.005331971,1053537350,-16.73
1722977754.441869,74,0.01320636,3320128796,-17.48
1722977503.88883,3,0.004958391,22122965368,-22.33
1722977503.88883,84,0.02998632,4011090873,-23.18
1722977503.88883,52,0.02855744,934837602,-21.33
1722977503.88883,74,0.005579589,2811177157,-22.07
1722977362.315821,3,0.006875218,21392731847,-17.23
1722977362.315821,84,0.005796325,3481439720,-18.139999
1722977362.315821,52,0.00428766,697588387,-16.23
1722977362.315821,74,0.0106751,2057517864,-17.0
1722977324.846531,3,0.004724479,21392731847,-16.690001
1722977324.846531,84,0.004763701,3481439720,-17.58
1722977324.846531,52,0.003381306,697588387,-15.73
1722977324.846531,74,0.008275636,2057517864,-16.51
1722977540.147222,3,0.009421765,22386551596,-17.82
1722977540.147222,84,0.007399364,4026489821,-18.73
1722977540.147222,52,0.005540625,934837602,-16.99
1722977540.147222,74,0.01355994,3073128599,-17.77
1722977252.474555,3,0.004658669,21392731847,-16.709999
1722977252.474555,84,0.004717071,3481439720,-17.6
1722977252.474555,52,0.003364027,697588387,-15.75
1722977252.474555,74,0.008411336,2057517864,-16.52
1722977394.846387,3,0.01386037,21392731847,-18.610001
1722977394.846387,84,0.01022047,3481439720,-19.51
1722977394.846387,52,0.007898647,697588387,-17.67
1722977394.846387,74,0.0183241,2057517864,-18.440001
1722977244.447047,3,0.004744252,21392731847,-16.690001
1722977244.447047,84,0.004835393,3481439720,-17.58
1722977244.447047,52,0.003400445,697588387,-15.75
1722977244.447047,74,0.0084543,2057517864,-16.52
1722977814.325266,3,0.004800529,22573783413,-16.719999
1722977814.325266,84,0.00495359,4214925222,-17.620001
1722977814.325266,52,0.003609413,1053537350,-15.78
1722977814.325266,74,0.008635554,3320128796,-16.549999
1722977621.636107,3,0.004649481,22386551596,-16.629999
1722977621.636107,84,0.004539735,4026489821,-17.52
1722977621.636107,52,0.003346153,934837602,-15.68
1722977621.636107,74,0.008419893,3073128599,-16.450001
1722977271.736396,3,0.004800732,21392731847,-16.700001
1722977271.736396,84,0.004865122,3481439720,-17.610001
1722977271.736396,52,0.003473168,697588387,-15.74
1722977271.736396,74,0.008522906,2057517864,-16.51
1722977247.665751,3,0.004836748,21392731847,-16.690001
1722977247.665751,84,0.004827393,3481439720,-17.59
1722977247.665751,52,0.003387165,697588387,-15.74
1722977247.665751,74,0.008347212,2057517864,-16.51
1722977751.231353,3,0.008862275,22573783413,-18.030001
1722977751.231353,84,0.009052481,4214925222,-18.93
1722977751.231353,52,0.006178862,1053537350,-17.17
1722977751.231353,74,0.01598101,3320128796,-17.950001
1722977384.764278,3,0.01072201,21392731847,-18.139999
1722977384.764278,84,0.008286611,3481439720,-19.02
1722977384.764278,52,0.006106331,697588387,-17.17
1722977384.764278,74,0.01529464,2057517864,-17.950001
1722977642.131034,3,0.004419698,22386551596,-16.629999
1722977642.131034,84,0.004507626,4026489821,-17.530001
1722977642.131034,52,0.003302921,934837602,-15.67
1722977642.131034,74,0.008079042,3073128599,-16.459999
1722977402.875161,3,0.01700029,21392731847,-18.950001
1722977402.875161,84,0.01181365,3481439720,-19.83
1722977402.875161,52,0.008879272,697588387,-18.02
1722977402.875161,74,0.02184793,2057517864,-18.780001
1722977409.309602,3,0.01954975,21392731847,-19.379999
1722977409.309602,84,0.01318268,3481439720,-20.26
1722977409.309602,52,0.009904888,697588387,-18.360001
1722977409.309602,74,0.02430294,2057517864,-19.129999
1722977725.556468,3,0.009098714,22410806906,-22.459999
1722977725.556468,84,0.006778243,4050091423,-23.360001
1722977725.556468,52,0.03043511,934837602,-21.58
1722977725.556468,74,0.004382823,3131947485,-22.32
1722977709.513875,3,0.01008251,22386551596,-18.370001
1722977709.513875,84,0.01032798,4026489821,-19.26
1722977709.513875,52,0.006938836,934837602,-17.459999
1722977709.513875,74,0.01772735,3073128599,-18.23
1722977599.129732,3,0.004453458,22386551596,-16.639999
1722977599.129732,84,0.004619983,4026489821,-17.540001
1722977599.129732,52,0.003388141,934837602,-15.68
1722977599.129732,74,0.008305487,3073128599,-16.450001
1722977451.638197,3,0.005403372,21585497613,-22.23
1722977451.638197,84,0.03070866,3482097541,-23.110001
1722977451.638197,52,0.02745331,697588387,-21.280001
1722977451.638197,74,0.005895734,2273708886,-22.01
1722977278.160293,3,0.004783629,21392731847,-16.700001
1722977278.160293,84,0.004827396,3481439720,-17.6
1722977278.160293,52,0.003455121,697588387,-15.76
1722977278.160293,74,0.008511382,2057517864,-16.530001
1722977711.118136,3,0.01276011,22386551596,-18.889999
1722977711.118136,84,0.01235854,4026489821,-19.780001
1722977711.118136,52,0.008170353,934837602,-17.700001
1722977711.118136,74,0.0223357,3073128599,-18.469999
1722977820.748727,3,0.004741195,22573783413,-16.73
1722977820.748727,84,0.004782161,4214925222,-17.629999
1722977820.748727,52,0.003561495,1053537350,-15.78
1722977820.748727,74,0.008599517,3320128796,-16.559999
1722977773.738352,3,0.004763278,22573783413,-16.73
1722977773.738352,84,0.004784518,4214925222,-17.629999
1722977773.738352,52,0.003564957,1053537350,-15.77
1722977773.738352,74,0.008526833,3320128796,-16.540001
1722977667.823932,3,0.004636441,22386551596,-16.74
1722977667.823932,84,0.004811288,4026489821,-17.639999
1722977667.823932,52,0.003612059,934837602,-15.77
1722977667.823932,74,0.008798052,3073128599,-16.549999
1722977717.53023,3,0.01862296,22386551596,-19.709999
1722977717.53023,84,0.01808525,4026489821,-20.610001
1722977717.53023,52,0.01134652,934837602,-18.799999
1722977717.53023,74,0.03056213,3073128599,-19.57
1722977414.123451,3,0.02094918,21392731847,-19.48
1722977414.123451,84,0.01378262,3481439720,-20.370001
1722977414.123451,52,0.01037653,697588387,-18.49
1722977414.123451,74,0.02543983,2057517864,-19.27
1722977286.201824,3,0.004717877,21392731847,-16.690001
1722977286.201824,84,0.00480552,3481439720,-17.58
1722977286.201824,52,0.003480498,697588387,-15.74
1722977286.201824,74,0.008298057,2057517864,-16.51
1722977638.912422,3,0.004603031,22386551596,-16.66
1722977638.912422,84,0.004633195,4026489821,-17.549999
1722977638.912422,52,0.003316365,934837602,-15.7
1722977638.912422,74,0.008225477,3073128599,-16.469999
1722977704.692764,3,0.006993075,22386551596,-17.59
1722977704.692764,84,0.007426068,4026489821,-18.49
1722977704.692764,52,0.005033935,934837602,-16.65
1722977704.692764,74,0.01258451,3073128599,-17.43
1722977387.972089,3,0.0119847,21392731847,-18.209999
1722977387.972089,84,0.008752399,3481439720,-19.09
1722977387.972089,52,0.006290893,697588387,-17.25
1722977387.972089,74,0.01585685,2057517864,-18.030001
1722977650.184573,3,0.004823765,22386551596,-16.65
1722977650.184573,84,0.004559758,4026489821,-17.549999
1722977650.184573,52,0.003387356,934837602,-15.69
1722977650.184573,74,0.00835588,3073128599,-16.48
1722977631.256001,3,0.004326318,22386551596,-16.620001
1722977631.256001,84,0.004712005,4026489821,-17.51
1722977631.256001,52,0.003418375,934837602,-15.66
1722977631.256001,74,0.008217203,3073128599,-16.440001
1722977727.164258,3,0.007092676,22431478739,-22.99
1722977727.164258,84,0.004869465,4070763256,-23.870001
1722977727.164258,52,0.03495115,934837602,-21.9
1722977727.164258,74,0.003897765,3142283412,-22.65
1722977825.583932,3,0.004736161,22573783413,-16.719999
1722977825.583932,84,0.004771732,4214925222,-17.629999
1722977825.583932,52,0.003409913,1053537350,-15.77
1722977825.583932,74,0.008789457,3320128796,-16.549999
1722977443.61142,3,0.007237547,21502810276,-21.709999
1722977443.61142,84,0.03048732,3481439720,-22.58
1722977443.61142,52,0.02331767,697588387,-20.76
1722977443.61142,74,0.007323788,2191021466,-21.51
1722977586.262715,3,0.004433448,22386551596,-16.639999
1722977586.262715,84,0.004518437,4026489821,-17.540001
1722977586.262715,52,0.003427306,934837602,-15.68
1722977586.262715,74,0.00821356,3073128599,-16.459999
1722977282.981798,3,0.004946934,21392731847,-16.690001
1722977282.981798,84,0.004744741,3481439720,-17.59
1722977282.981798,52,0.003392962,697588387,-15.73
1722977282.981798,74,0.008398177,2057517864,-16.51
1722977399.668752,3,0.01550753,21392731847,-18.84
1722977399.668752,84,0.01086924,3481439720,-19.73
1722977399.668752,52,0.008261367,697588387,-17.870001
1722977399.668752,74,0.01944307,2057517864,-18.639999
1722977640.517768,3,0.004712865,22386551596,-16.639999
1722977640.517768,84,0.004614173,4026489821,-17.540001
1722977640.517768,52,0.003410181,934837602,-15.68
1722977640.517768,74,0.008529856,3073128599,-16.459999
1722977707.913983,3,0.00894035,22386551596,-17.85
1722977707.913983,84,0.008845763,4026489821,-18.74
1722977707.913983,52,0.00599325,934837602,-16.959999
1722977707.913983,74,0.01556281,3073128599,-17.73
1722977554.61291,3,0.005754662,22386551596,-16.969999
1722977554.61291,84,0.00531855,4026489821,-17.85
1722977554.61291,52,0.003994382,934837602,-16.01
1722977554.61291,74,0.00957117,3073128599,-16.790001
1722977695.052902,3,0.006977499,22386551596,-17.51
1722977695.052902,84,0.006825203,4026489821,-18.41
1722977695.052902,52,0.00484748,934837602,-16.57
1722977695.052902,74,0.01250288,3073128599,-17.35
1722977292.76108,3,0.004847371,21392731847,-16.700001
1722977292.76108,84,0.004799954,3481439720,-17.6
1722977292.76108,52,0.003482558,697588387,-15.74
1722977292.76108,74,0.008832446,2057517864,-16.52
1722977467.724644,3,0.003864512,21750872297,-23.129999
1722977467.724644,84,0.007924618,3640523187,-23.99
1722977467.724644,52,0.02916403,704957533,-22.190001
1722977467.724644,74,0.00435534,2439083812,-22.92
1722977567.479541,3,0.00449551,22386551596,-16.620001
1722977567.479541,84,0.004582677,4026489821,-17.51
1722977567.479541,52,0.003599235,934837602,-15.66
1722977567.479541,74,0.008448409,3073128599,-16.440001
1722977266.925133,3,0.004865147,21392731847,-16.690001
1722977266.925133,84,0.004792704,3481439720,-17.59
1722977266.925133,52,0.003412374,697588387,-15.75
1722977266.925133,74,0.008481408,2057517864,-16.530001
1722977263.724175,3,0.004827839,21392731847,-16.68
1722977263.724175,84,0.004726316,3481439720,-17.58
1722977263.724175,52,0.003365729,697588387,-15.74
1722977263.724175,74,0.008248907,2057517864,-16.51
1722977661.418401,3,0.004888599,22386551596,-16.66
1722977661.418401,84,0.00460173,4026489821,-17.549999
1722977661.418401,52,0.003458068,934837602,-15.75
1722977661.418401,74,0.008330396,3073128599,-16.48
1722977538.538992,3,0.0107357,22386551596,-18.08
1722977538.538992,84,0.008093824,4026489821,-18.98
1722977538.538992,52,0.006149169,934837602,-17.08
1722977538.538992,74,0.01517205,3073128599,-17.84
1722977297.579566,3,0.00475498,21392731847,-16.700001
1722977297.579566,84,0.004849458,3481439720,-17.59
1722977297.579566,52,0.003422942,697588387,-15.73
1722977297.579566,74,0.008410729,2057517864,-16.51
1722977440.402465,3,0.008756562,21471802524,-21.450001
1722977440.402465,84,0.02796558,3481439720,-22.309999
1722977440.402465,52,0.02108493,697588387,-20.389999
1722977440.402465,74,0.008920274,2149677755,-21.129999
1722977557.833696,3,0.005314192,22386551596,-16.950001
1722977557.833696,84,0.005193227,4026489821,-17.84
1722977557.833696,52,0.003915491,934837602,-15.97
1722977557.833696,74,0.009410175,3073128599,-16.74
1722977307.19118,3,0.004811416,21392731847,-16.700001
1722977307.19118,84,0.00473871,3481439720,-17.59
1722977307.19118,52,0.003501272,697588387,-15.74
1722977307.19118,74,0.00894715,2057517864,-16.51
1722977294.364768,3,0.004722361,21392731847,-16.709999
1722977294.364768,84,0.004810347,3481439720,-17.610001
1722977294.364768,52,0.003467606,697588387,-15.75
1722977294.364768,74,0.008151582,2057517864,-16.51
1722977524.763159,3,0.01117723,22340019666,-21.129999
1722977524.763159,84,0.02415565,4026489821,-21.99
1722977524.763159,52,0.01870098,934837602,-20.139999
1722977524.763159,74,0.01212672,3028231263,-20.9
1722977454.854086,3,0.005286811,21616505367,-22.34
1722977454.854086,84,0.02747445,3507252139,-23.219999
1722977454.854086,52,0.02858711,697588387,-21.389999
1722977454.854086,74,0.005584592,2304716670,-22.129999
1722977546.576091,3,0.006603603,22386551596,-17.209999
1722977546.576091,84,0.006040826,4026489821,-18.1
1722977546.576091,52,0.004535484,934837602,-16.25
1722977546.576091,74,0.01057048,3073128599,-17.030001
1722977254.089627,3,0.004931997,21392731847,-16.700001
1722977254.089627,84,0.004910824,3481439720,-17.59
1722977254.089627,52,0.00349816,697588387,-15.74
1722977254.089627,74,0.008465839,2057517864,-16.52
1722977383.163785,3,0.01019862,21392731847,-18.120001
1722977383.163785,84,0.008035726,3481439720,-18.98
1722977383.163785,52,0.006014959,697588387,-17.09
1722977383.163785,74,0.01468824,2057517864,-17.870001
1722977289.406553,3,0.004626166,21392731847,-16.690001
1722977289.406553,84,0.004777469,3481439720,-17.59
1722977289.406553,52,0.003392454,697588387,-15.74
1722977289.406553,74,0.008453746,2057517864,-16.52
1722977442.009693,3,0.007794897,21482138442,-21.540001
1722977442.009693,84,0.02915921,3481439720,-22.41
1722977442.009693,52,0.02206329,697588387,-20.6
1722977442.009693,74,0.008080793,2170349611,-21.33
1722977757.649919,3,0.006894819,22573783413,-17.52
1722977757.649919,84,0.007058815,4214925222,-18.42
1722977757.649919,52,0.005015352,1053537350,-16.59
1722977757.649919,74,0.01264378,3320128796,-17.34
1722977302.388562,3,0.004739673,21392731847,-16.690001
1722977302.388562,84,0.004671683,3481439720,-17.58
1722977302.388562,52,0.003410197,697588387,-15.75
1722977302.388562,74,0.008254506,2057517864,-16.52
1722977434.980605,3,0.01087603,21409790360,-21.02
1722977434.980605,84,0.02621162,3481439720,-21.879999
1722977434.980605,52,0.01935964,697588387,-20.1
1722977434.980605,74,0.01051607,2097998212,-20.85
1722977367.140541,3,0.00790637,21392731847,-17.540001
1722977367.140541,84,0.006524204,3481439720,-18.43
1722977367.140541,52,0.004858645,697588387,-16.51
1722977367.140541,74,0.0123142,2057517864,-17.290001
1722977323.244928,3,0.004611535,21392731847,-16.68
1722977323.244928,84,0.004845969,3481439720,-17.58
1722977323.244928,52,0.003432984,697588387,-15.73
1722977323.244928,74,0.008877245,2057517864,-16.51
1722977315.216843,3,0.004723528,21392731847,-16.690001
1722977315.216843,84,0.004845997,3481439720,-17.59
1722977315.216843,52,0.003440308,697588387,-15.74
1722977315.216843,74,0.008739963,2057517864,-16.530001
1722977329.662144,3,0.004938865,21392731847,-16.719999
1722977329.662144,84,0.00476024,3481439720,-17.6
1722977329.662144,52,0.003458674,697588387,-15.76
1722977329.662144,74,0.008673188,2057517864,-16.530001
1722977706.308086,3,0.007783703,22386551596,-17.719999
1722977706.308086,84,0.007393307,4026489821,-18.620001
1722977706.308086,52,0.005141975,934837602,-16.700001
1722977706.308086,74,0.01320418,3073128599,-17.48
1722977715.927773,3,0.01650682,22386551596,-19.540001
1722977715.927773,84,0.01693623,4026489821,-20.440001
1722977715.927773,52,0.0109095,934837602,-18.58
1722977715.927773,74,0.02879219,3073128599,-19.34
1722977572.313743,3,0.004846816,22386551596,-16.66
1722977572.313743,84,0.004641707,4026489821,-17.52
1722977572.313743,52,0.00365901,934837602,-15.69
1722977572.313743,74,0.008551026,3073128599,-16.459999
1722977527.984502,3,0.0196126,22371025618,-20.950001
1722977527.984502,84,0.02194734,4026489821,-21.82
1722977527.984502,52,0.01689695,934837602,-19.940001
1722977527.984502,74,0.01950126,3059228149,-20.700001
1722977623.2388,3,0.004556203,22386551596,-16.620001
1722977623.2388,84,0.004638752,4026489821,-17.52
1722977623.2388,52,0.003415509,934837602,-15.69
1722977623.2388,74,0.00870408,3073128599,-16.459999
1722977759.257922,3,0.007206975,22573783413,-17.549999
1722977759.257922,84,0.007364837,4214925222,-18.450001
1722977759.257922,52,0.005011758,1053537350,-16.57
1722977759.257922,74,0.01279409,3320128796,-17.33
1722977723.950756,3,0.01507465,22390225574,-21.690001
1722977723.950756,84,0.0129593,4029511394,-22.58
1722977723.950756,52,0.02582056,934837602,-20.860001
1722977723.950756,74,0.005337891,3111275629,-21.610001
1722977629.650894,3,0.004567079,22386551596,-16.629999
1722977629.650894,84,0.004570626,4026489821,-17.530001
1722977629.650894,52,0.003383542,934837602,-15.67
1722977629.650894,74,0.008316172,3073128599,-16.440001
1722977698.260854,3,0.006637449,22386551596,-17.51
1722977698.260854,84,0.006721604,4026489821,-18.389999
1722977698.260854,52,0.004743111,934837602,-16.57
1722977698.260854,74,0.01194746,3073128599,-17.35
1722977474.150712,3,0.003321973,21823223727,-23.780001
1722977474.150712,84,0.004892437,3712874619,-24.629999
1722977474.150712,52,0.01001426,765924300,-22.73
1722977474.150712,74,0.003691555,2501099379,-23.459999
1722977470.941351,3,0.003716391,21781880055,-23.299999
1722977470.941351,84,0.00653497,3671530946,-24.15
1722977470.941351,52,0.02259938,735132227,-22.34
1722977470.941351,74,0.004130245,2470091596,-23.07
1722977616.806906,3,0.004634533,22386551596,-16.620001
1722977616.806906,84,0.004548343,4026489821,-17.530001
1722977616.806906,52,0.003416085,934837602,-15.67
1722977616.806906,74,0.008554954,3073128599,-16.440001
1722977249.263863,3,0.004825059,21392731847,-16.690001
1722977249.263863,84,0.004862543,3481439720,-17.58
1722977249.263863,52,0.003332737,697588387,-15.74
1722977249.263863,74,0.008481109,2057517864,-16.540001
1722977712.72137,3,0.01423926,22386551596,-19.08
1722977712.72137,84,0.01436303,4026489821,-19.98
1722977712.72137,52,0.009382226,934837602,-18.200001
1722977712.72137,74,0.02493772,3073128599,-18.959999
1722977279.764189,3,0.004813437,21392731847,-16.690001
1722977279.764189,84,0.004818453,3481439720,-17.59
1722977279.764189,52,0.00344565,697588387,-15.74
1722977279.764189,74,0.008557637,2057517864,-16.52
1722977336.099986,3,0.004688003,21392731847,-16.690001
1722977336.099986,84,0.00478848,3481439720,-17.59
1722977336.099986,52,0.003406385,697588387,-15.75
1722977336.099986,74,0.008323757,2057517864,-16.52
1722977516.743964,3,0.006864501,22257332315,-21.68
1722977516.743964,84,0.02988859,4026489821,-22.549999
1722977516.743964,52,0.02286009,934837602,-20.690001
1722977516.743964,74,0.007624181,2945544230,-21.440001
1722977620.023472,3,0.004429526,22386551596,-16.6
1722977620.023472,84,0.004773831,4026489821,-17.51
1722977620.023472,52,0.003616864,934837602,-15.66
1722977620.023472,74,0.008314892,3073128599,-16.440001
1722977507.116591,3,0.005213909,22164309043,-22.18
1722977507.116591,84,0.03488899,4026489800,-23.040001
1722977507.116591,52,0.02725371,934837602,-21.25
1722977507.116591,74,0.00603338,2842184944,-21.98
1722977696.65733,3,0.006896895,22386551596,-17.530001
1722977696.65733,84,0.006890895,4026489821,-18.42
1722977696.65733,52,0.00493594,934837602,-16.58
1722977696.65733,74,0.01253181,3073128599,-17.35
1722977445.21071,3,0.006805453,21523482111,-21.860001
1722977445.21071,84,0.03138788,3481439720,-22.719999
1722977445.21071,52,0.02360085,697588387,-20.82
1722977445.21071,74,0.006934409,2201357393,-21.559999
1722977776.95214,3,0.004935252,22573783413,-16.719999
1722977776.95214,84,0.004861262,4214925222,-17.620001
1722977776.95214,52,0.003631395,1053537350,-15.78
1722977776.95214,74,0.008716053,3320128796,-16.559999
1722977379.952996,3,0.009721983,21392731847,-17.92
1722977379.952996,84,0.00768676,3481439720,-18.809999
1722977379.952996,52,0.005606498,697588387,-17.0
1722977379.952996,74,0.01380454,2057517864,-17.75
1722977735.149098,3,0.002756764,22514166081,-27.75
1722977735.149098,84,0.002241965,4153450599,-28.58
1722977735.149098,52,0.002656836,1006963300,-27.02
1722977735.149098,74,0.00226079,3224970903,-27.690001
1722977499.05707,3,0.004485847,22081621691,-22.6
1722977499.05707,84,0.01918942,3960701499,-23.459999
1722977499.05707,52,0.0305187,934837602,-21.620001
1722977499.05707,74,0.005132119,2759497515,-22.360001
1722977600.734464,3,0.004660613,22386551596,-16.629999
1722977600.734464,84,0.004712075,4026489821,-17.530001
1722977600.734464,52,0.003509692,934837602,-15.68
1722977600.734464,74,0.008259063,3073128599,-16.459999
1722977643.738061,3,0.004550518,22386551596,-16.620001
1722977643.738061,84,0.004687769,4026489821,-17.52
1722977643.738061,52,0.0034473,934837602,-15.67
1722977643.738061,74,0.008458759,3073128599,-16.450001
1722977559.437605,3,0.005325001,22386551596,-16.98
1722977559.437605,84,0.005057743,4026489821,-17.85
1722977559.437605,52,0.003878992,934837602,-15.98
1722977559.437605,74,0.009372802,3073128599,-16.77
1722977581.957536,3,0.004379031,22386551596,-16.610001
1722977581.957536,84,0.004502823,4026489821,-17.5
1722977581.957536,52,0.00337039,934837602,-15.67
1722977581.957536,74,0.008125126,3073128599,-16.440001
1722977505.50896,3,0.00513251,22143637205,-22.25
1722977505.50896,84,0.03545005,4026074425,-23.129999
1722977505.50896,52,0.02790805,934837602,-21.27
1722977505.50896,74,0.005816697,2831849014,-22.01
1722977513.532841,3,0.006611597,22226324558,-21.76
1722977513.532841,84,0.03014096,4026489821,-22.629999
1722977513.532841,52,0.02310215,934837602,-20.76
1722977513.532841,74,0.007338016,2914536445,-21.51
1722977404.494501,3,0.01809022,21392731847,-19.120001
1722977404.494501,84,0.01220815,3481439720,-20.0
1722977404.494501,52,0.009003424,697588387,-18.200001
1722977404.494501,74,0.02222949,2057517864,-18.98
1722977287.801484,3,0.004788159,21392731847,-16.690001
1722977287.801484,84,0.004779424,3481439720,-17.59
1722977287.801484,52,0.003487913,697588387,-15.75
1722977287.801484,74,0.008973302,2057517864,-16.51
1722977767.286945,3,0.004882953,22573783413,-16.73
1722977767.286945,84,0.00483425,4214925222,-17.629999
1722977767.286945,52,0.003701906,1053537350,-15.79
1722977767.286945,74,0.008876161,3320128796,-16.57
1722977605.549557,3,0.004559517,22386551596,-16.610001
1722977605.549557,84,0.004532367,4026489821,-17.5
1722977605.549557,52,0.003432337,934837602,-15.66
1722977605.549557,74,0.008397838,3073128599,-16.43
1722977686.868259,3,0.005202629,22386551596,-16.969999
1722977686.868259,84,0.005205463,4026489821,-17.860001
1722977686.868259,52,0.003784545,934837602,-16.02
1722977686.868259,74,0.009687436,3073128599,-16.799999
1722977390.040634,3,0.01189111,21392731847,-18.309999
1722977390.040634,84,0.008965595,3481439720,-19.200001
1722977390.040634,52,0.006535908,697588387,-17.379999
1722977390.040634,74,0.0164439,2057517864,-18.139999
1722977760.861244,3,0.006624153,22573783413,-17.49
1722977760.861244,84,0.006592604,4214925222,-18.379999
1722977760.861244,52,0.004792096,1053537350,-16.51
1722977760.861244,74,0.01223506,3320128796,-17.290001
1722977312.013133,3,0.00464114,21392731847,-16.700001
1722977312.013133,84,0.00484811,3481439720,-17.59
1722977312.013133,52,0.003407041,697588387,-15.73
1722977312.013133,74,0.008558582,2057517864,-16.51
1722977714.324217,3,0.01556191,22386551596,-19.42
1722977714.324217,84,0.01548504,4026489821,-20.309999
1722977714.324217,52,0.01011133,934837602,-18.389999
1722977714.324217,74,0.02724376,3073128599,-19.15
1722977295.972437,3,0.00488625,21392731847,-16.690001
1722977295.972437,84,0.004741602,3481439720,-17.59
1722977295.972437,52,0.003514183,697588387,-15.74
1722977295.972437,74,0.008911179,2057517864,-16.51
1722977339.31122,3,0.004671307,21392731847,-16.690001
1722977339.31122,84,0.004767503,3481439720,-17.58
1722977339.31122,52,0.003496296,697588387,-15.74
1722977339.31122,74,0.008493822,2057517864,-16.5
1722977562.650957,3,0.004866811,22386551596,-16.719999
1722977562.650957,84,0.005014279,4026489821,-17.610001
1722977562.650957,52,0.003581597,934837602,-15.76
1722977562.650957,74,0.008409128,3073128599,-16.540001
1722977583.568712,3,0.004520428,22386551596,-16.620001
1722977583.568712,84,0.004704968,4026489821,-17.51
1722977583.568712,52,0.003456306,934837602,-15.69
1722977583.568712,74,0.008344006,3073128599,-16.469999
1722977781.776274,3,0.004981343,22573783413,-16.73
1722977781.776274,84,0.004781564,4214925222,-17.629999
1722977781.776274,52,0.00351939,1053537350,-15.77
1722977781.776274,74,0.00873229,3320128796,-16.549999
1722977544.967476,3,0.006878011,22386551596,-17.25
1722977544.967476,84,0.005861031,4026489821,-18.129999
1722977544.967476,52,0.00446646,934837602,-16.290001
1722977544.967476,74,0.01110591,3073128599,-17.07
1722977355.88974,3,0.005761209,21392731847,-17.040001
1722977355.88974,84,0.005500155,3481439720,-17.93
1722977355.88974,52,0.004020441,697588387,-16.08
1722977355.88974,74,0.01038825,2057517864,-16.860001
1722977246.063655,3,0.004780968,21392731847,-16.690001
1722977246.063655,84,0.004722944,3481439720,-17.58
1722977246.063655,52,0.003413561,697588387,-15.74
1722977246.063655,74,0.008444325,2057517864,-16.51
1722977775.345405,3,0.004899273,22573783413,-16.719999
1722977775.345405,84,0.004898621,4214925222,-17.610001
1722977775.345405,52,0.003671543,1053537350,-15.78
1722977775.345405,74,0.008808166,3320128796,-16.549999
1722977739.968105,3,0.02175921,22555509753,-22.450001
1722977739.968105,84,0.005237157,4194794271,-23.34
1722977739.968105,52,0.0247985,1053537350,-21.389999
1722977739.968105,74,0.004297754,3276650463,-22.129999
1722977391.646501,3,0.01258163,21392731847,-18.379999
1722977391.646501,84,0.009315167,3481439720,-19.26
1722977391.646501,52,0.006971373,697588387,-17.450001
1722977391.646501,74,0.01705224,2057517864,-18.219999
1722977450.033304,3,0.005800317,21564825778,-22.129999
1722977450.033304,84,0.03457624,3481439722,-23.01
1722977450.033304,52,0.02634565,697588387,-21.15
1722977450.033304,74,0.006131747,2253037032,-21.889999
1722977422.150874,3,0.02677817,21392731847,-20.040001
1722977422.150874,84,0.01730669,3481439720,-20.92
1722977422.150874,52,0.01264429,697588387,-19.030001
1722977422.150874,74,0.03032348,2057517864,-19.809999
1722977624.839685,3,0.004467218,22386551596,-16.629999
1722977624.839685,84,0.004504426,4026489821,-17.52
1722977624.839685,52,0.003420269,934837602,-15.69
1722977624.839685,74,0.008221784,3073128599,-16.469999
1722977646.957228,3,0.004482854,22386551596,-16.620001
1722977646.957228,84,0.004519848,4026489821,-17.52
1722977646.957228,52,0.003436517,934837602,-15.68
1722977646.957228,74,0.008491344,3073128599,-16.459999
1722977351.056795,3,0.005540473,21392731847,-16.889999
1722977351.056795,84,0.00513928,3481439720,-17.74
1722977351.056795,52,0.003784487,697588387,-15.89
1722977351.056795,74,0.009890026,2057517864,-16.66
1722977591.090929,3,0.004503181,22386551596,-16.620001
1722977591.090929,84,0.00448905,4026489821,-17.52
1722977591.090929,52,0.003391057,934837602,-15.66
1722977591.090929,74,0.008135434,3073128599,-16.440001
1722977613.590546,3,0.004534216,22386551596,-16.639999
1722977613.590546,84,0.004493617,4026489821,-17.530001
1722977613.590546,52,0.003333919,934837602,-15.68
1722977613.590546,74,0.008118548,3073128599,-16.48
1722977462.910631,3,0.004321658,21699192708,-22.809999
1722977462.910631,84,0.01232007,3588874694,-23.68
1722977462.910631,52,0.03360217,697588387,-21.83
1722977462.910631,74,0.004773554,2387404095,-22.559999
1722977532.802162,3,0.01702726,22386551596,-18.959999
1722977532.802162,84,0.01144425,4026489821,-19.84
1722977532.802162,52,0.008865075,934837602,-18.030001
1722977532.802162,74,0.02122719,3073128599,-18.799999
1722977494.218024,3,0.004151253,22029942096,-22.780001
1722977494.218024,84,0.01327871,3919548143,-23.629999
1722977494.218024,52,0.03242883,934837602,-21.83
1722977494.218024,74,0.004933435,2707817872,-22.559999
1722977765.67918,3,0.004817392,22573783413,-16.77
1722977765.67918,84,0.004957364,4214925222,-17.66
1722977765.67918,52,0.00368474,1053537350,-15.82
1722977765.67918,74,0.008957779,3320128796,-16.610001
1722977415.728106,3,0.02228982,21392731847,-19.559999
1722977415.728106,84,0.01451654,3481439720,-20.440001
1722977415.728106,52,0.01088551,697588387,-18.629999
1722977415.728106,74,0.02597033,2057517864,-19.389999
1722977663.016831,3,0.004785054,22386551596,-16.67
1722977663.016831,84,0.004741597,4026489821,-17.57
1722977663.016831,52,0.003501285,934837602,-15.74
1722977663.016831,74,0.008715697,3073128599,-16.530001
1722977674.250393,3,0.004853509,22386551596,-16.76
1722977674.250393,84,0.00485678,4026489821,-17.65
1722977674.250393,52,0.003697858,934837602,-15.8
1722977674.250393,74,0.008804147,3073128599,-16.58
1722977744.802382,3,0.01661735,22573783413,-19.68
1722977744.802382,84,0.01648352,4214925222,-20.58
1722977744.802382,52,0.01101878,1053537350,-18.68
1722977744.802382,74,0.02962204,3320128796,-19.440001
1722977741.574157,3,0.03085077,22573783413,-21.4
1722977741.574157,84,0.03191504,4214924791,-22.290001
1722977741.574157,52,0.02055415,1053537350,-20.379999
1722977741.574157,74,0.007294102,3297322313,-21.120001
1722977672.648834,3,0.004914865,22386551596,-16.74
1722977672.648834,84,0.004806195,4026489821,-17.639999
1722977672.648834,52,0.003487471,934837602,-15.8
1722977672.648834,74,0.008607205,3073128599,-16.58
1722977785.153306,3,0.004709904,22573783413,-16.719999
1722977785.153306,84,0.00482027,4214925222,-17.610001
1722977785.153306,52,0.003563568,1053537350,-15.77
1722977785.153306,74,0.008582393,3320128796,-16.540001
1722977786.760716,3,0.004919202,22573783413,-16.73
1722977786.760716,84,0.004740288,4214925222,-17.629999
1722977786.760716,52,0.00366027,1053537350,-15.77
1722977786.760716,74,0.009121713,3320128796,-16.57
1722977675.849244,3,0.004729035,22386551596,-16.77
1722977675.849244,84,0.004865108,4026489821,-17.66
1722977675.849244,52,0.003637006,934837602,-15.84
1722977675.849244,74,0.008666234,3073128599,-16.620001
1722977788.360219,3,0.004793682,22573783413,-16.719999
1722977788.360219,84,0.004845965,4214925222,-17.629999
1722977788.360219,52,0.003595939,1053537350,-15.78
1722977788.360219,74,0.008980258,3320128796,-16.549999
1722977791.782157,3,0.004885321,22573783413,-16.74
1722977791.782157,84,0.00476529,4214925222,-17.629999
1722977791.782157,52,0.003644534,1053537350,-15.79
1722977791.782157,74,0.009112114,3320128796,-16.57
1722977728.766545,3,0.005137184,22441814658,-23.440001
1722977728.766545,84,0.00351824,4081099174,-24.32
1722977728.766545,52,0.01204388,944953485,-22.629999
1722977728.766545,74,0.003236026,3162955341,-23.360001
1722977260.51501,3,0.004888365,21392731847,-16.690001
1722977260.51501,84,0.004733912,3481439720,-17.59
1722977260.51501,52,0.003387692,697588387,-15.74
1722977260.51501,74,0.008537056,2057517864,-16.52
1722977798.214316,3,0.004767661,22573783413,-16.719999
1722977798.214316,84,0.004731562,4214925222,-17.620001
1722977798.214316,52,0.003461748,1053537350,-15.78
1722977798.214316,74,0.008429547,3320128796,-16.549999
1722977799.816021,3,0.004832085,22573783413,-16.73
1722977799.816021,84,0.004963805,4214925222,-17.620001
1722977799.816021,52,0.003597084,1053537350,-15.77
1722977799.816021,74,0.008920409,3320128796,-16.58
1722977393.246637,3,0.01335561,21392731847,-18.57
1722977393.246637,84,0.009641374,3481439720,-19.459999
1722977393.246637,52,0.007110864,697588387,-17.57
1722977393.246637,74,0.0175889,2057517864,-18.309999
1722977548.175313,3,0.006953322,22386551596,-17.27
1722977548.175313,84,0.005810943,4026489821,-18.16
1722977548.175313,52,0.004513799,934837602,-16.25
1722977548.175313,74,0.01096362,3073128599,-17.02
1722977804.649931,3,0.004620577,22573783413,-16.73
1722977804.649931,84,0.004984251,4214925222,-17.629999
1722977804.649931,52,0.003675027,1053537350,-15.79
1722977804.649931,74,0.008553999,3320128796,-16.57
1722977806.263455,3,0.004997248,22573783413,-16.74
1722977806.263455,84,0.004740539,4214925222,-17.66
1722977806.263455,52,0.00347774,1053537350,-15.78
1722977806.263455,74,0.008471707,3320128796,-16.559999
1722977809.473755,3,0.004709232,22573783413,-16.73
1722977809.473755,84,0.004869364,4214925222,-17.620001
1722977809.473755,52,0.003540895,1053537350,-15.77
1722977809.473755,74,0.008400281,3320128796,-16.540001
1722977811.090733,3,0.0050834,22573783413,-16.719999
1722977811.090733,84,0.004851633,4214925222,-17.620001
1722977811.090733,52,0.003566881,1053537350,-15.77
1722977811.090733,74,0.009075842,3320128796,-16.549999
1722977396.45251,3,0.01463598,21392731847,-18.74
1722977396.45251,84,0.01038765,3481439720,-19.639999
1722977396.45251,52,0.007722599,697588387,-17.780001
1722977396.45251,74,0.01899941,2057517864,-18.540001
1722977815.930777,3,0.005036694,22573783413,-16.74
1722977815.930777,84,0.004863209,4214925222,-17.629999
1722977815.930777,52,0.003629846,1053537350,-15.79
1722977815.930777,74,0.008942882,3320128796,-16.57
1722977817.536025,3,0.004785504,22573783413,-16.73
1722977817.536025,84,0.004715052,4214925222,-17.629999
1722977817.536025,52,0.003461492,1053537350,-15.8
1722977817.536025,74,0.008419334,3320128796,-16.58
1722977748.013728,3,0.01071276,22573783413,-18.709999
1722977748.013728,84,0.01089917,4214925222,-19.620001
1722977748.013728,52,0.007552064,1053537350,-17.719999
1722977748.013728,74,0.01991126,3320128796,-18.49
1722977822.358378,3,0.004836934,22573783413,-16.73
1722977822.358378,84,0.004813246,4214925222,-17.629999
1722977822.358378,52,0.00350986,1053537350,-15.78
1722977822.358378,74,0.008895908,3320128796,-16.559999
1722977511.913982,3,0.006334394,22205652720,-21.940001
1722977511.913982,84,0.0313601,4026489821,-22.790001
1722977511.913982,52,0.02461223,934837602,-20.93
1722977511.913982,74,0.006901124,2893864588,-21.690001
1722977827.190074,3,0.004926556,22573783413,-16.73
1722977827.190074,84,0.004854429,4214925222,-17.639999
1722977827.190074,52,0.003514805,1053537350,-15.78
1722977827.190074,74,0.00878436,3320128796,-16.559999
1722977828.790639,3,0.004747063,22573783413,-16.74
1722977828.790639,84,0.004746494,4214925222,-17.629999
1722977828.790639,52,0.003455142,1053537350,-15.79
1722977828.790639,74,0.008481864,3320128796,-16.57
1722977461.298264,3,0.004428553,21688856790,-22.780001
1722977461.298264,84,0.01291147,3578559324,-23.65
1722977461.298264,52,0.03223005,697588387,-21.74
1722977461.298264,74,0.004776242,2366732238,-22.48
1722977830.393971,3,0.004903513,22573783413,-16.76
1722977830.393971,84,0.004971498,4214925222,-17.65
1722977830.393971,52,0.003741367,1053537350,-15.8
1722977830.393971,74,0.008729386,3320128796,-16.58
1722977354.272292,3,0.005675405,21392731847,-17.01
1722977354.272292,84,0.005315265,3481439720,-17.889999
1722977354.272292,52,0.003894148,697588387,-16.049999
1722977354.272292,74,0.01007513,2057517864,-16.809999
1722977300.789021,3,0.004699651,21392731847,-16.690001
1722977300.789021,84,0.004852552,3481439720,-17.58
1722977300.789021,52,0.003516133,697588387,-15.75
1722977300.789021,74,0.008562217,2057517864,-16.52
1722977736.747657,3,0.003015738,22524502000,-27.690001
1722977736.747657,84,0.002318513,4163786519,-28.530001
1722977736.747657,52,0.002693767,1027635155,-26.77
1722977736.747657,74,0.002299563,3245642757,-27.450001
1722977370.344001,3,0.008147817,21392731847,-17.610001
1722977370.344001,84,0.006747449,3481439720,-18.51
1722977370.344001,52,0.005217297,697588387,-16.629999
1722977370.344001,74,0.01292465,2057517864,-17.4
1722977418.942413,3,0.02537008,21392731847,-19.84
1722977418.942413,84,0.01611959,3481439720,-20.73
1722977418.942413,52,0.01200178,697588387,-18.889999
1722977418.942413,74,0.02893041,2057517864,-19.65
1722977701.470361,3,0.006906138,22386551596,-17.52
1722977701.470361,84,0.006813257,4026489821,-18.41
1722977701.470361,52,0.004837711,934837602,-16.58
1722977701.470361,74,0.01232471,3073128599,-17.35
1722977587.871075,3,0.004449492,22386551596,-16.629999
1722977587.871075,84,0.00449922,4026489821,-17.530001
1722977587.871075,52,0.003518847,934837602,-15.68
1722977587.871075,74,0.008396722,3073128599,-16.469999
1722977475.753969,3,0.003437116,21833559644,-23.620001
1722977475.753969,84,0.005514813,3723210534,-24.49
1722977475.753969,52,0.01427735,786561253,-22.639999
1722977475.753969,74,0.003893344,2521771238,-23.370001
1722977412.519302,3,0.02073835,21392731847,-19.43
1722977412.519302,84,0.01343943,3481439720,-20.309999
1722977412.519302,52,0.01014975,697588387,-18.469999
1722977412.519302,74,0.02498017,2057517864,-19.23
1722977386.37261,3,0.01078625,21392731847,-18.200001
1722977386.37261,84,0.008361827,3481439720,-19.059999
1722977386.37261,52,0.006202269,697588387,-17.190001
1722977386.37261,74,0.01528913,2057517864,-17.959999
1722977491.010702,3,0.003952977,21988598421,-23.01
1722977491.010702,84,0.009731472,3878249188,-23.870001
1722977491.010702,52,0.03449824,933653964,-22.030001
1722977491.010702,74,0.004526563,2676810086,-22.75
1722977508.717669,3,0.005427259,22174644961,-22.139999
1722977508.717669,84,0.03409776,4026489815,-23.0
1722977508.717669,52,0.02668825,934837602,-21.15
1722977508.717669,74,0.006155457,2862856800,-21.889999
1722977592.696236,3,0.004555106,22386551596,-16.610001
1722977592.696236,84,0.004569991,4026489821,-17.51
1722977592.696236,52,0.003670418,934837602,-15.66
1722977592.696236,74,0.008477785,3073128599,-16.43
1722977262.114382,3,0.004894714,21392731847,-16.68
1722977262.114382,84,0.004966336,3481439720,-17.57
1722977262.114382,52,0.003504538,697588387,-15.75
1722977262.114382,74,0.00840767,2057517864,-16.52
1722977658.213906,3,0.004542837,22386551596,-16.639999
1722977658.213906,84,0.004561196,4026489821,-17.540001
1722977658.213906,52,0.003427822,934837602,-15.69
1722977658.213906,74,0.00861771,3073128599,-16.459999
1722977534.407631,3,0.01405881,22386551596,-18.59
1722977534.407631,84,0.009691651,4026489821,-19.459999
1722977534.407631,52,0.007532573,934837602,-17.74
1722977534.407631,74,0.01847341,3073128599,-18.530001
1722977483.799835,3,0.003432471,21916246990,-23.59
1722977483.799835,84,0.005985596,3805897882,-24.440001
1722977483.799835,52,0.01565537,869043723,-22.559999
1722977483.799835,74,0.003947078,2604458663,-23.290001
1722977523.162255,3,0.01007952,22329683749,-21.209999
1722977523.162255,84,0.02512497,4026489821,-22.08
1722977523.162255,52,0.0195249,934837602,-20.33
1722977523.162255,74,0.01076687,3007559801,-21.07
1722977276.546176,3,0.004824022,21392731847,-16.690001
1722977276.546176,84,0.004911536,3481439720,-17.59
1722977276.546176,52,0.003480549,697588387,-15.74
1722977276.546176,74,0.008581706,2057517864,-16.51
1722977666.223466,3,0.004986926,22386551596,-16.719999
1722977666.223466,84,0.004920699,4026489821,-17.620001
1722977666.223466,52,0.003534448,934837602,-15.77
1722977666.223466,74,0.009186088,3073128599,-16.540001
1722977541.74835,3,0.007860274,22386551596,-17.68
1722977541.74835,84,0.006828927,4026489821,-18.57
1722977541.74835,52,0.005063517,934837602,-16.709999
1722977541.74835,74,0.01249982,3073128599,-17.469999
1722977305.589674,3,0.004691815,21392731847,-16.700001
1722977305.589674,84,0.004816627,3481439720,-17.59
1722977305.589674,52,0.003405561,697588387,-15.74
1722977305.589674,74,0.008200652,2057517864,-16.51
1722977453.239877,3,0.005275982,21606169448,-22.290001
1722977453.239877,84,0.02913074,3497587085,-23.15
1722977453.239877,52,0.02781975,697588387,-21.32
1722977453.239877,74,0.005721501,2284044815,-22.049999
1722977659.813631,3,0.004449551,22386551596,-16.65
1722977659.813631,84,0.004813298,4026489821,-17.540001
1722977659.813631,52,0.003472328,934837602,-15.71
1722977659.813631,74,0.008341467,3073128599,-16.48
1722977536.935537,3,0.01122524,22386551596,-18.200001
1722977536.935537,84,0.008219894,4026489821,-19.09
1722977536.935537,52,0.006202613,934837602,-17.209999
1722977536.935537,74,0.01545081,3073128599,-17.969999
1722977417.335639,3,0.02413975,21392731847,-19.74
1722977417.335639,84,0.01536842,3481439720,-20.629999
1722977417.335639,52,0.01131646,697588387,-18.74
1722977417.335639,74,0.02853034,2057517864,-19.5
1722977626.44333,3,0.004491771,22386551596,-16.639999
1722977626.44333,84,0.004499958,4026489821,-17.540001
1722977626.44333,52,0.003409052,934837602,-15.69
1722977626.44333,74,0.008855391,3073128599,-16.49
1722977368.746639,3,0.007699113,21392731847,-17.57
1722977368.746639,84,0.006505614,3481439720,-18.469999
1722977368.746639,52,0.004769587,697588387,-16.620001
1722977368.746639,74,0.01171002,2057517864,-17.389999
1722977635.705907,3,0.004446318,22386551596,-16.629999
1722977635.705907,84,0.004661645,4026489821,-17.530001
1722977635.705907,52,0.003444724,934837602,-15.7
1722977635.705907,74,0.008205888,3073128599,-16.48
1722977485.410542,3,0.003539189,21936918829,-23.43
1722977485.410542,84,0.006534843,3826569720,-24.27
1722977485.410542,52,0.01818677,889583765,-22.440001
1722977485.410542,74,0.003944003,2614794594,-23.27
1722977472.545257,3,0.003372467,21802551887,-23.549999
1722977472.545257,84,0.005332915,3692202780,-24.4
1722977472.545257,52,0.01255706,755598233,-22.620001
1722977472.545257,74,0.003811667,2490763452,-23.360001
1722977570.707289,3,0.004389527,22386551596,-16.610001
1722977570.707289,84,0.004512033,4026489821,-17.51
1722977570.707289,52,0.003426983,934837602,-15.68
1722977570.707289,74,0.008177207,3073128599,-16.450001
1722977371.951273,3,0.008072598,21392731847,-17.65
1722977371.951273,84,0.006857784,3481439720,-18.549999
1722977371.951273,52,0.005030511,697588387,-16.700001
1722977371.951273,74,0.01254133,2057517864,-17.469999
1722977772.127821,3,0.004880568,22573783413,-16.719999
1722977772.127821,84,0.004884955,4214925222,-17.620001
1722977772.127821,52,0.003763472,1053537350,-15.76
1722977772.127821,74,0.009003104,3320128796,-16.549999
1722977526.372088,3,0.01178621,22360691191,-21.07
1722977526.372088,84,0.02408697,4026489821,-21.950001
1722977526.372088,52,0.01871174,934837602,-20.07
1722977526.372088,74,0.01270011,3038565892,-20.82
1722977328.058128,3,0.004652651,21392731847,-16.700001
1722977328.058128,84,0.004891939,3481439720,-17.58
1722977328.058128,52,0.003424886,697588387,-15.74
1722977328.058128,74,0.008267097,2057517864,-16.52
1722977693.446944,3,0.006568887,22386551596,-17.450001
1722977693.446944,84,0.006727972,4026489821,-18.34
1722977693.446944,52,0.005020953,934837602,-16.51
1722977693.446944,74,0.01184748,3073128599,-17.280001
1722977529.594186,3,0.02005464,22386551596,-19.5
1722977529.594186,84,0.01231745,4026489821,-20.379999
1722977529.594186,52,0.009670302,934837602,-18.450001
1722977529.594186,74,0.02408678,3073128599,-19.219999
1722977466.124635,3,0.003983608,21740536381,-23.0
1722977466.124635,84,0.009476488,3630187318,-23.870001
1722977466.124635,52,0.03503286,697588391,-21.969999
1722977466.124635,74,0.004325081,2418411879,-22.690001
1722977653.392721,3,0.004461703,22386551596,-16.65
1722977653.392721,84,0.004524188,4026489821,-17.540001
1722977653.392721,52,0.003431487,934837602,-15.7
1722977653.392721,74,0.008032025,3073128599,-16.48
1722977258.909859,3,0.004809428,21392731847,-16.68
1722977258.909859,84,0.004786061,3481439720,-17.58
1722977258.909859,52,0.003633546,697588387,-15.73
1722977258.909859,74,0.008278488,2057517864,-16.51
1722977281.369738,3,0.004767106,21392731847,-16.700001
1722977281.369738,84,0.005013688,3481439720,-17.6
1722977281.369738,52,0.003601877,697588387,-15.73
1722977281.369738,74,0.008426104,2057517864,-16.51
1722977487.800516,3,0.003669414,21957590663,-23.32
1722977487.800516,84,0.0074229,3847241556,-24.190001
1722977487.800516,52,0.02471098,910007523,-22.33
1722977487.800516,74,0.004178619,2645802375,-23.049999
1722977679.049753,3,0.004818248,22386551596,-16.799999
1722977679.049753,84,0.00496345,4026489821,-17.700001
1722977679.049753,52,0.003734999,934837602,-15.87
1722977679.049753,74,0.009008621,3073128599,-16.639999
1722977428.553201,3,0.03151338,21392731847,-20.360001
1722977428.553201,84,0.01913472,3481439720,-21.25
1722977428.553201,52,0.01441163,697588387,-19.41
1722977428.553201,74,0.032578,2058640304,-20.17
1722977780.16739,3,0.004732433,22573783413,-16.74
1722977780.16739,84,0.005027466,4214925222,-17.629999
1722977780.16739,52,0.003654214,1053537350,-15.78
1722977780.16739,74,0.008582994,3320128796,-16.559999
1722977255.699729,3,0.004874791,21392731847,-16.700001
1722977255.699729,84,0.004774315,3481439720,-17.620001
1722977255.699729,52,0.003429763,697588387,-15.74
1722977255.699729,74,0.008405131,2057517864,-16.51
1722977265.322673,3,0.004843045,21392731847,-16.700001
1722977265.322673,84,0.004953721,3481439720,-17.6
1722977265.322673,52,0.003413886,697588387,-15.76
1722977265.322673,74,0.008516078,2057517864,-16.540001
1722977602.332124,3,0.00450707,22386551596,-16.629999
1722977602.332124,84,0.004500457,4026489821,-17.530001
1722977602.332124,52,0.003391372,934837602,-15.68
1722977602.332124,74,0.008235099,3073128599,-16.459999
1722977291.013101,3,0.004756318,21392731847,-16.73
1722977291.013101,84,0.004764799,3481439720,-17.6
1722977291.013101,52,0.003486376,697588387,-15.76
1722977291.013101,74,0.008474488,2057517864,-16.52
1722977722.3506,3,0.03254841,22386551596,-21.07
1722977722.3506,84,0.03181737,4026489821,-21.969999
1722977722.3506,52,0.01903549,934837602,-19.360001
1722977722.3506,74,0.008085606,3090626300,-20.120001
1722977746.4054,3,0.01316389,22573783413,-19.059999
1722977746.4054,84,0.01377666,4214925222,-19.950001
1722977746.4054,52,0.00921719,1053537350,-18.32
1722977746.4054,74,0.02445824,3320128796,-19.09
1722977407.698125,3,0.01948039,21392731847,-19.32
1722977407.698125,84,0.01300122,3481439720,-20.200001
1722977407.698125,52,0.009668422,697588387,-18.370001
1722977407.698125,74,0.02395793,2057517864,-19.129999
1722977347.821402,3,0.004914614,21392731847,-16.700001
1722977347.821402,84,0.004831183,3481439720,-17.6
1722977347.821402,52,0.003423273,697588387,-15.74
1722977347.821402,74,0.008758477,2057517864,-16.51
1722977458.072545,3,0.004780051,21657849038,-22.58
1722977458.072545,84,0.01945152,3537503635,-23.360001
1722977458.072545,52,0.03044073,697588387,-21.530001
1722977458.072545,74,0.005106657,2335724454,-22.26
1722977303.986382,3,0.004783156,21392731847,-16.709999
1722977303.986382,84,0.00472545,3481439720,-17.6
1722977303.986382,52,0.003440885,697588387,-15.76
1722977303.986382,74,0.008544776,2057517864,-16.530001
1722977580.341795,3,0.00458747,22386551596,-16.610001
1722977580.341795,84,0.004635479,4026489821,-17.52
1722977580.341795,52,0.003416667,934837602,-15.66
1722977580.341795,74,0.008373144,3073128599,-16.43
1722977615.201346,3,0.004565471,22386551596,-16.629999
1722977615.201346,84,0.004615821,4026489821,-17.530001
1722977615.201346,52,0.003404478,934837602,-15.68
1722977615.201346,74,0.008546511,3073128599,-16.459999
1722977378.345838,3,0.009503424,21392731847,-17.860001
1722977378.345838,84,0.007496768,3481439720,-18.76
1722977378.345838,52,0.005605333,697588387,-16.879999
1722977378.345838,74,0.01420133,2057517864,-17.66
1722977648.564814,3,0.004403391,22386551596,-16.639999
1722977648.564814,84,0.004540183,4026489821,-17.540001
1722977648.564814,52,0.003574449,934837602,-15.71
1722977648.564814,74,0.008481605,3073128599,-16.48
1722977556.224476,3,0.005770194,22386551596,-17.0
1722977556.224476,84,0.005309375,4026489821,-17.879999
1722977556.224476,52,0.004053382,934837602,-16.030001
1722977556.224476,74,0.01000887,3073128599,-16.809999
1722977500.667253,3,0.00457641,22091957611,-22.540001
1722977500.667253,84,0.02214209,3981159939,-23.41
1722977500.667253,52,0.0304011,934837602,-21.540001
1722977500.667253,74,0.005337695,2780169368,-22.27
1722977685.25567,3,0.005228668,22386551596,-16.950001
1722977685.25567,84,0.005235648,4026489821,-17.84
1722977685.25567,52,0.003848488,934837602,-15.99
1722977685.25567,74,0.009546258,3073128599,-16.76
1722977578.744078,3,0.004524954,22386551596,-16.629999
1722977578.744078,84,0.004595842,4026489821,-17.530001
1722977578.744078,52,0.00337145,934837602,-15.66
1722977578.744078,74,0.008563279,3073128599,-16.440001
1722977654.991996,3,0.004564058,22386551596,-16.65
1722977654.991996,84,0.004534878,4026489821,-17.549999
1722977654.991996,52,0.003450067,934837602,-15.67
1722977654.991996,74,0.008414811,3073128599,-16.450001
1722977284.590658,3,0.004904596,21392731847,-16.690001
1722977284.590658,84,0.004811961,3481439720,-17.58
1722977284.590658,52,0.003463631,697588387,-15.73
1722977284.590658,74,0.008692494,2057517864,-16.51
1722977316.820173,3,0.004639508,21392731847,-16.709999
1722977316.820173,84,0.004910111,3481439720,-17.6
1722977316.820173,52,0.003451526,697588387,-15.75
1722977316.820173,74,0.008212429,2057517864,-16.540001
1722977273.338714,3,0.004852538,21392731847,-16.690001
1722977273.338714,84,0.004817026,3481439720,-17.58
1722977273.338714,52,0.003489717,697588387,-15.74
1722977273.338714,74,0.008748209,2057517864,-16.52
1722977691.845246,3,0.0063544,22386551596,-17.34
1722977691.845246,84,0.00639433,4026489821,-18.23
1722977691.845246,52,0.004774617,934837602,-16.41
1722977691.845246,74,0.01158757,3073128599,-17.18
1722977436.587881,3,0.01017916,21430458863,-21.32
1722977436.587881,84,0.02638518,3481439720,-22.200001
1722977436.587881,52,0.0203404,697588387,-20.34
1722977436.587881,74,0.009681542,2118669975,-21.08
1722977346.215397,3,0.004860907,21392731847,-16.700001
1722977346.215397,84,0.004761256,3481439720,-17.59
1722977346.215397,52,0.003346112,697588387,-15.75
1722977346.215397,74,0.008650052,2057517864,-16.52
1722977381.561487,3,0.0102281,21392731847,-18.030001
1722977381.561487,84,0.00797649,3481439720,-18.92
1722977381.561487,52,0.006089776,697588387,-17.08
1722977381.561487,74,0.0148146,2057517864,-17.860001
1722977334.492519,3,0.004944068,21392731847,-16.690001
1722977334.492519,84,0.004801033,3481439720,-17.59
1722977334.492519,52,0.003577818,697588387,-15.74
1722977334.492519,74,0.008770046,2057517864,-16.51
1722977632.865607,3,0.004691606,22386551596,-16.610001
1722977632.865607,84,0.004534197,4026489821,-17.51
1722977632.865607,52,0.003294091,934837602,-15.68
1722977632.865607,74,0.008189831,3073128599,-16.450001
1722977342.966794,3,0.00470818,21392731847,-16.700001
1722977342.966794,84,0.004752352,3481439720,-17.6
1722977342.966794,52,0.003465127,697588387,-15.76
1722977342.966794,74,0.008734436,2057517864,-16.540001
1722977669.438139,3,0.004702963,22386551596,-16.74
1722977669.438139,84,0.004808652,4026489821,-17.629999
1722977669.438139,52,0.003605443,934837602,-15.79
1722977669.438139,74,0.009165139,3073128599,-16.559999
1722977752.839187,3,0.008115686,22573783413,-17.93
1722977752.839187,84,0.008412062,4214925222,-18.83
1722977752.839187,52,0.005939477,1053537350,-16.969999
1722977752.839187,74,0.01496332,3320128796,-17.75
1722977589.47377,3,0.004386743,22386551596,-16.639999
1722977589.47377,84,0.004561607,4026489821,-17.530001
1722977589.47377,52,0.003533435,934837602,-15.66
1722977589.47377,74,0.008635522,3073128599,-16.440001
1722977738.356793,3,0.005130944,22545173836,-24.85
1722977738.356793,84,0.003082699,4184458355,-25.73
1722977738.356793,52,0.005062511,1037971082,-26.200001
1722977738.356793,74,0.002841883,3255978687,-26.879999
1722977731.976225,3,0.002918042,22472822410,-25.620001
1722977731.976225,84,0.002410271,4112106926,-26.49
1722977731.976225,52,0.002904451,975955518,-24.93
1722977731.976225,74,0.00247453,3193963120,-25.639999
1722977803.023745,3,0.004993325,22573783413,-16.73
1722977803.023745,84,0.004744531,4214925222,-17.620001
1722977803.023745,52,0.003581455,1053537350,-15.79
1722977803.023745,74,0.008825083,3320128796,-16.559999
1722977250.871291,3,0.005144817,21392731847,-16.690001
1722977250.871291,84,0.004794628,3481439720,-17.59
1722977250.871291,52,0.003556505,697588387,-15.74
1722977250.871291,74,0.008565737,2057517864,-16.51
1722977645.340255,3,0.004569887,22386551596,-16.610001
1722977645.340255,84,0.004564962,4026489821,-17.52
1722977645.340255,52,0.003359817,934837602,-15.67
1722977645.340255,74,0.008297649,3073128599,-16.450001
1722977518.346185,3,0.00725068,22278004154,-21.58
1722977518.346185,84,0.0284904,4026489821,-22.450001
1722977518.346185,52,0.02229758,934837602,-20.66
1722977518.346185,74,0.008039786,2955880159,-21.440001
1722977768.902186,3,0.00480164,22573783413,-16.73
1722977768.902186,84,0.004863034,4214925222,-17.629999
1722977768.902186,52,0.003737142,1053537350,-15.79
1722977768.902186,74,0.008695285,3320128796,-16.559999
1722977331.26403,3,0.004590452,21392731847,-16.700001
1722977331.26403,84,0.004757091,3481439720,-17.59
1722977331.26403,52,0.003468395,697588387,-15.75
1722977331.26403,74,0.008433072,2057517864,-16.530001
1722977480.583323,3,0.003435834,21885239237,-23.58
1722977480.583323,84,0.005512506,3774890128,-24.450001
1722977480.583323,52,0.01361514,838109536,-22.66
1722977480.583323,74,0.003826585,2573450878,-23.370001
1722977531.198821,3,0.0177524,22386551596,-19.01
1722977531.198821,84,0.01161601,4026489821,-19.879999
1722977531.198821,52,0.008941298,934837602,-18.120001
1722977531.198821,74,0.02189152,3073128599,-18.9
1722977341.363919,3,0.004702421,21392731847,-16.700001
1722977341.363919,84,0.004733797,3481439720,-17.6
1722977341.363919,52,0.003440402,697588387,-15.74
1722977341.363919,74,0.008470398,2057517864,-16.52
1722977489.405031,3,0.003914492,21978262504,-23.08
1722977489.405031,84,0.008967418,3867913385,-23.940001
1722977489.405031,52,0.03190831,928978059,-22.200001
1722977489.405031,74,0.004418265,2656138305,-22.940001
1722977749.622105,3,0.009189564,22573783413,-18.23
1722977749.622105,84,0.009760498,4214925222,-19.120001
1722977749.622105,52,0.006833335,1053537350,-17.25
1722977749.622105,74,0.01788231,3320128796,-18.02
1722977420.548371,3,0.02643215,21392731847,-19.940001
1722977420.548371,84,0.01616877,3481439720,-20.83
1722977420.548371,52,0.01221953,697588387,-18.99
1722977420.548371,74,0.02965273,2057517864,-19.74
1722977569.096965,3,0.004708899,22386551596,-16.620001
1722977569.096965,84,0.00455173,4026489821,-17.5
1722977569.096965,52,0.003536715,934837602,-15.68
1722977569.096965,74,0.008712308,3073128599,-16.43
1722977357.503341,3,0.005912775,21392731847,-17.1
1722977357.503341,84,0.005470507,3481439720,-17.99
1722977357.503341,52,0.003974574,697588387,-16.129999
1722977357.503341,74,0.009785759,2057517864,-16.91
1722977552.988628,3,0.005899982,22386551596,-17.32
1722977552.988628,84,0.005262902,4026489821,-18.219999
1722977552.988628,52,0.004164193,934837602,-16.35
1722977552.988628,74,0.01011432,3073128599,-17.1
1722977433.374816,3,0.02524553,21399570884,-20.73
1722977433.374816,84,0.02213832,3481439720,-21.6
1722977433.374816,52,0.01668387,697588387,-19.620001
1722977433.374816,74,0.02038449,2077512488,-20.370001
1722977431.757741,3,0.03389882,21392731850,-20.459999
1722977431.757741,84,0.01984898,3481439720,-21.360001
1722977431.757741,52,0.01477401,697588387,-19.49
1722977431.757741,74,0.03168201,2068631707,-20.25
1722977349.435636,3,0.005059437,21392731847,-16.780001
1722977349.435636,84,0.005038742,3481439720,-17.68
1722977349.435636,52,0.00357738,697588387,-15.84
1722977349.435636,74,0.00883201,2057517864,-16.610001
1722977543.353067,3,0.007137008,22386551596,-17.309999
1722977543.353067,84,0.006023134,4026489821,-18.190001
1722977543.353067,52,0.004603819,934837602,-16.459999
1722977543.353067,74,0.01116675,3073128599,-17.24
1722977762.465827,3,0.005352783,22573783413,-17.0
1722977762.465827,84,0.005408344,4214925222,-17.9
1722977762.465827,52,0.003983648,1053537350,-16.030001
1722977762.465827,74,0.00978975,3320128796,-16.809999
1722977497.443397,3,0.004575459,22060949853,-22.65
1722977497.443397,84,0.01734491,3950443404,-23.530001
1722977497.443397,52,0.03150698,934837602,-21.68
1722977497.443397,74,0.005140462,2749161586,-22.41
1722977360.718714,3,0.006153343,21392731847,-17.139999
1722977360.718714,84,0.005607767,3481439720,-18.030001
1722977360.718714,52,0.004069544,697588387,-16.190001
1722977360.718714,74,0.01022082,2057517864,-16.969999
1722977423.75174,3,0.02862436,21392731847,-20.1
1722977423.75174,84,0.01741314,3481439720,-20.98
1722977423.75174,52,0.01276673,697588387,-19.110001
1722977423.75174,74,0.03111117,2057517864,-19.879999
1722977375.147406,3,0.008774016,21392731847,-17.76
1722977375.147406,84,0.00715443,3481439720,-18.66
1722977375.147406,52,0.005262516,697588387,-16.77
1722977375.147406,74,0.01305384,2057517864,-17.540001
1722977321.642249,3,0.004674112,21392731847,-16.690001
1722977321.642249,84,0.004851913,3481439720,-17.58
1722977321.642249,52,0.003489931,697588387,-15.73
1722977321.642249,74,0.008548683,2057517864,-16.5
1722977656.60147,3,0.004442713,22386551596,-16.629999
1722977656.60147,84,0.004571451,4026489821,-17.530001
1722977656.60147,52,0.003428804,934837602,-15.68
1722977656.60147,74,0.008489685,3073128599,-16.459999
1722977268.524434,3,0.004764312,21392731847,-16.709999
1722977268.524434,84,0.004742954,3481439720,-17.6
1722977268.524434,52,0.003482858,697588387,-15.74
1722977268.524434,74,0.008514418,2057517864,-16.52
1722977337.701653,3,0.004715761,21392731847,-16.68
1722977337.701653,84,0.004824127,3481439720,-17.58
1722977337.701653,52,0.003708753,697588387,-15.74
1722977337.701653,74,0.00867246,2057517864,-16.51
1722977688.6332,3,0.005620928,22386551596,-17.059999
1722977688.6332,84,0.00577355,4026489821,-17.950001
1722977688.6332,52,0.004135214,934837602,-16.129999
1722977688.6332,74,0.01023458,3073128599,-16.91
1722977575.526826,3,0.004575061,22386551596,-16.66
1722977575.526826,84,0.004473442,4026489821,-17.530001
1722977575.526826,52,0.003517876,934837602,-15.68
1722977575.526826,74,0.008478884,3073128599,-16.459999
1722977318.432833,3,0.00490232,21392731847,-16.690001
1722977318.432833,84,0.004729185,3481439720,-17.58
1722977318.432833,52,0.003435775,697588387,-15.73
1722977318.432833,74,0.008659313,2057517864,-16.530001
1722977637.314276,3,0.00439156,22386551596,-16.639999
1722977637.314276,84,0.004522487,4026489821,-17.540001
1722977637.314276,52,0.003384369,934837602,-15.7
1722977637.314276,74,0.008150583,3073128599,-16.48
1722977671.042042,3,0.004625099,22386551596,-16.73
1722977671.042042,84,0.005014599,4026489821,-17.620001
1722977671.042042,52,0.003644842,934837602,-15.79
1722977671.042042,74,0.00869963,3073128599,-16.559999
1722977564.261066,3,0.004760506,22386551596,-16.629999
1722977564.261066,84,0.00455108,4026489821,-17.530001
1722977564.261066,52,0.003452115,934837602,-15.68
1722977564.261066,74,0.008572138,3073128599,-16.459999
1722977720.746197,3,0.02231812,22386551596,-20.209999
1722977720.746197,84,0.02274257,4026489821,-21.110001
1722977720.746197,52,0.01433274,934837602,-19.35
1722977720.746197,74,0.02424502,3080417995,-20.110001
1722977597.522032,3,0.004440142,22386551596,-16.629999
1722977597.522032,84,0.004517924,4026489821,-17.530001
1722977597.522032,52,0.003431899,934837602,-15.7
1722977597.522032,74,0.008289359,3073128599,-16.48
1722977610.381315,3,0.004496671,22386551596,-16.629999
1722977610.381315,84,0.004575482,4026489821,-17.52
1722977610.381315,52,0.003385503,934837602,-15.68
1722977610.381315,74,0.008451789,3073128599,-16.459999
1722977373.550204,3,0.008493271,21392731847,-17.68
1722977373.550204,84,0.006878875,3481439720,-18.58
1722977373.550204,52,0.005109729,697588387,-16.74
1722977373.550204,74,0.01304596,2057517864,-17.51
1722977594.30666,3,0.004425682,22386551596,-16.610001
1722977594.30666,84,0.004521884,4026489821,-17.51
1722977594.30666,52,0.003484678,934837602,-15.66
1722977594.30666,74,0.008303859,3073128599,-16.440001
1722977410.914926,3,0.0197145,21392731847,-19.360001
1722977410.914926,84,0.01352757,3481439720,-20.25
1722977410.914926,52,0.01032667,697588387,-18.4
1722977410.914926,74,0.0239005,2057517864,-19.17
1722977430.15485,3,0.03227563,21392731847,-20.41
1722977430.15485,84,0.01939636,3481439720,-21.290001
1722977430.15485,52,0.01464047,697588387,-19.450001
1722977430.15485,74,0.03421526,2061025301,-20.209999
1722977756.045498,3,0.007570451,22573783413,-17.6
1722977756.045498,84,0.007296268,4214925222,-18.5
1722977756.045498,52,0.005220995,1053537350,-16.639999
1722977756.045498,74,0.01310828,3320128796,-17.42
1722977573.925956,3,0.004557124,22386551596,-16.639999
1722977573.925956,84,0.004564688,4026489821,-17.530001
1722977573.925956,52,0.003477339,934837602,-15.68
1722977573.925956,74,0.008354365,3073128599,-16.459999
1722977680.65448,3,0.005014597,22386551596,-16.85
1722977680.65448,84,0.004966598,4026489821,-17.74
1722977680.65448,52,0.003725285,934837602,-15.88
1722977680.65448,74,0.009314833,3073128599,-16.65
1722977313.616883,3,0.004632221,21392731847,-16.68
1722977313.616883,84,0.004761499,3481439720,-17.59
1722977313.616883,52,0.003328046,697588387,-15.76
1722977313.616883,74,0.008086558,2057517864,-16.530001
1722977469.325297,3,0.003768251,21771544136,-23.24
1722977469.325297,84,0.007034837,3661195026,-24.1
1722977469.325297,52,0.02587591,714888360,-22.26
1722977469.325297,74,0.004073014,2449419740,-23.0
1722977456.469496,3,0.005032237,21637177203,-22.4
1722977456.469496,84,0.0249124,3527336603,-23.27
1722977456.469496,52,0.0287916,697588387,-21.48
1722977456.469496,74,0.005452822,2325388526,-22.200001
1722977577.140924,3,0.004378346,22386551596,-16.629999
1722977577.140924,84,0.004531069,4026489821,-17.52
1722977577.140924,52,0.003501848,934837602,-15.67
1722977577.140924,74,0.008278415,3073128599,-16.450001
1722977308.794854,3,0.004633996,21392731847,-16.690001
1722977308.794854,84,0.004739954,3481439720,-17.59
1722977308.794854,52,0.003447266,697588387,-15.74
1722977308.794854,74,0.008386044,2057517864,-16.51
1722977607.15989,3,0.004524567,22386551596,-16.610001
1722977607.15989,84,0.004469001,4026489821,-17.5
1722977607.15989,52,0.003480083,934837602,-15.67
1722977607.15989,74,0.008227636,3073128599,-16.440001
1722977401.269703,3,0.01608577,21392731847,-18.93
1722977401.269703,84,0.01124636,3481439720,-19.809999
1722977401.269703,52,0.008178758,697588387,-17.889999
1722977401.269703,74,0.02067158,2057517864,-18.66
1722977310.407216,3,0.00486406,21392731847,-16.700001
1722977310.407216,84,0.004787253,3481439720,-17.59
1722977310.407216,52,0.003479562,697588387,-15.74
1722977310.407216,74,0.008449038,2057517864,-16.51
1722977257.307149,3,0.004802124,21392731847,-16.690001
1722977257.307149,84,0.004737613,3481439720,-17.59
1722977257.307149,52,0.003445163,697588387,-15.74
1722977257.307149,74,0.008493709,2057517864,-16.52
1722977495.828058,3,0.004223136,22040278015,-22.790001
1722977495.828058,84,0.01346137,3929856980,-23.629999
1722977495.828058,52,0.03328911,934837602,-21.799999
1722977495.828058,74,0.00484604,2728489727,-22.549999
1722977446.811848,3,0.006214616,21533818027,-21.9
1722977446.811848,84,0.03305297,3481439720,-22.77
1722977446.811848,52,0.02522865,697588387,-20.950001
1722977446.811848,74,0.006307007,2222029247,-21.700001
1722977502.276818,3,0.004930188,22112629449,-22.370001
1722977502.276818,84,0.02807505,4001363601,-23.23
1722977502.276818,52,0.02902397,934837602,-21.450001
1722977502.276818,74,0.005580794,2790505299,-22.190001
1722977426.949019,3,0.0306682,21392731847,-20.280001
1722977426.949019,84,0.01859655,3481439720,-21.15
1722977426.949019,52,0.01403358,697588387,-19.299999
1722977426.949019,74,0.03343168,2057517873,-20.07
1722977677.452434,3,0.005006293,22386551596,-16.809999
1722977677.452434,84,0.00487746,4026489821,-17.719999
1722977677.452434,52,0.003749511,934837602,-15.88
1722977677.452434,74,0.009577303,3073128599,-16.629999
1722977611.992084,3,0.004509717,22386551596,-16.629999
1722977611.992084,84,0.00458542,4026489821,-17.52
1722977611.992084,52,0.003473433,934837602,-15.68
1722977611.992084,74,0.008619925,3073128599,-16.459999
1722977682.259758,3,0.004959244,22386551596,-16.870001
1722977682.259758,84,0.005296017,4026489821,-17.76
1722977682.259758,52,0.003802643,934837602,-15.9
1722977682.259758,74,0.009176219,3073128599,-16.68
1722977448.421559,3,0.005959305,21554489861,-22.1
1722977448.421559,84,0.03450055,3481439720,-22.98
1722977448.421559,52,0.02600905,697588387,-21.120001
1722977448.421559,74,0.00617647,2232365177,-21.77
1722977352.668329,3,0.005308546,21392731847,-16.9
1722977352.668329,84,0.005194849,3481439720,-17.799999
1722977352.668329,52,0.003745747,697588387,-15.99
1722977352.668329,74,0.009584389,2057517864,-16.76
1722977519.959273,3,0.007518377,22288340073,-21.51
1722977519.959273,84,0.02741592,4026489821,-22.379999
1722977519.959273,52,0.02132853,934837602,-20.57
1722977519.959273,74,0.008665909,2976552017,-21.32
1722977344.613304,3,0.004631717,21392731847,-16.700001
1722977344.613304,84,0.004949995,3481439720,-17.6
1722977344.613304,52,0.003506946,697588387,-15.75
1722977344.613304,74,0.008387079,2057517864,-16.540001
1722977365.524015,3,0.007203928,21392731847,-17.379999
1722977365.524015,84,0.006239993,3481439720,-18.27
1722977365.524015,52,0.004611792,697588387,-16.459999
1722977365.524015,74,0.01124073,2057517864,-17.24
1722977515.138501,3,0.006720993,22246996393,-21.690001
1722977515.138501,84,0.02992637,4026489821,-22.57
1722977515.138501,52,0.02317222,934837602,-20.73
1722977515.138501,74,0.007374336,2924872375,-21.48
1722977326.453326,3,0.004785763,21392731847,-16.690001
1722977326.453326,84,0.004833343,3481439720,-17.59
1722977326.453326,52,0.003493664,697588387,-15.76
1722977326.453326,74,0.008606537,2057517864,-16.540001
1722977608.767995,3,0.004452597,22386551596,-16.620001
1722977608.767995,84,0.004566919,4026489821,-17.51
1722977608.767995,52,0.003627996,934837602,-15.67
1722977608.767995,74,0.008251015,3073128599,-16.440001
1722977549.77673,3,0.0071775,22386551596,-17.32
1722977549.77673,84,0.006194884,4026489821,-18.209999
1722977549.77673,52,0.004657276,934837602,-16.4
1722977549.77673,74,0.01159618,3073128599,-17.17
1722977332.873039,3,0.004657621,21392731847,-16.709999
1722977332.873039,84,0.004714458,3481439720,-17.610001
1722977332.873039,52,0.003558268,697588387,-15.75
1722977332.873039,74,0.008545646,2057517864,-16.530001
1722977770.516583,3,0.004839202,22573783413,-16.719999
1722977770.516583,84,0.004835333,4214925222,-17.620001
1722977770.516583,52,0.003573439,1053537350,-15.76
1722977770.516583,74,0.008814674,3320128796,-16.540001
1722977477.359497,3,0.003428749,21854231481,-23.610001
1722977477.359497,84,0.005510846,3743882374,-24.48
1722977477.359497,52,0.01313813,796870934,-22.620001
1722977477.359497,74,0.003648092,2532107167,-23.35
1722977565.867826,3,0.004403961,22386551596,-16.620001
1722977565.867826,84,0.004560493,4026489821,-17.52
1722977565.867826,52,0.003408622,934837602,-15.69
1722977565.867826,74,0.008377099,3073128599,-16.43
1722977743.189487,3,0.02131922,22573783413,-20.18
1722977743.189487,84,0.02188592,4214925222,-21.08
1722977743.189487,52,0.0143627,1053537350,-19.74
1722977743.189487,74,0.0240745,3307658234,-20.52
1722977376.745149,3,0.008996353,21392731847,-17.82
1722977376.745149,84,0.007632568,3481439720,-18.700001
1722977376.745149,52,0.005363005,697588387,-16.870001
1722977376.745149,74,0.01340395,2057517864,-17.629999
1722977521.564098,3,0.00849278,22309011913,-21.34
1722977521.564098,84,0.02619359,4026489821,-22.219999
1722977521.564098,52,0.0206159,934837602,-20.34
1722977521.564098,74,0.009761988,2997223876,-21.1
1722977790.179425,3,0.00491834,22573783413,-16.73
1722977790.179425,84,0.004830704,4214925222,-17.629999
1722977790.179425,52,0.003567446,1053537350,-15.79
1722977790.179425,74,0.008786768,3320128796,-16.559999
